#CHROM,POS,ID,REF,ALT,QUAL,FILTER,INFO,FORMAT,BL5717,BAR82,nom9HA,nom8HA,nom7HA,nom5HA,nom9,nom8,nom7,nom6,nom5,nom4,nom3,nom2,nom1
chrI,774874,.,G,A,36.1,PASS,"ANN=A|upstream_gene_variant|MODIFIER|T06A4.4|WBGene00196011|transcript|T06A4.4|lincRNA||n.-290C>T|||||290|,A|downstream_gene_variant|MODIFIER|T06A4.3|WBGene00020283|transcript|T06A4.3a.1|protein_coding||c.*4249G>A|||||4154|,A|downstream_gene_variant|MODIFIER|T06A4.5|WBGene00196394|transcript|T06A4.5|lincRNA||n.*289G>A|||||289|,A|downstream_gene_variant|MODIFIER|T06A4.6|WBGene00201573|transcript|T06A4.6|lincRNA||n.*4283C>T|||||4283|,A|intron_variant|MODIFIER|T06A4.1|WBGene00020281|transcript|T06A4.1b.1|protein_coding|7/9|c.1124-94G>A||||||,A|intron_variant|MODIFIER|T06A4.1|WBGene00020281|transcript|T06A4.1a.1|protein_coding|3/5|c.584-94G>A||||||",GT:GQ:DP:AD:VAF:PL,.,.,.,.,.,.,.,.,.,.,.,.,.,.,"1/1:13:6:0,6:1:35,13,0"
chrI,1188945,.,A,AT,6.4,PASS,"ANN=AT|upstream_gene_variant|MODIFIER|Y48G8AL.5|WBGene00021686|transcript|Y48G8AL.5a.1|protein_coding||c.-4253_-4252insT|||||4212|,AT|downstream_gene_variant|MODIFIER|Y48G8AL.20|WBGene00249808|transcript|Y48G8AL.20|lincRNA||n.*1024dupA|||||1024|,AT|intron_variant|MODIFIER|smg-2|WBGene00004880|transcript|Y48G8AL.6.1|protein_coding|8/8|c.2912-111dupT||||||INFO_REALIGN_3_PRIME,AT|intron_variant|MODIFIER|smg-2|WBGene00004880|transcript|Y48G8AL.6.2|protein_coding|8/8|c.2912-111dupT||||||INFO_REALIGN_3_PRIME,AT|intron_variant|MODIFIER|smg-2|WBGene00004880|transcript|Y48G8AL.6.3|protein_coding|8/9|c.2912-111dupT||||||INFO_REALIGN_3_PRIME",GT:GQ:DP:AD:VAF:PL,.,.,.,.,.,.,.,.,.,.,.,.,.,.,"1/1:2:5:2,3:0.6:2,0,0"
chrI,1354478,.,C,T,7.3,PASS,"ANN=T|upstream_gene_variant|MODIFIER|Y92H12BL.1|WBGene00022363|transcript|Y92H12BL.1b.1|protein_coding||c.-1632C>T|||||1632|,T|intron_variant|MODIFIER|Y92H12BL.1|WBGene00022363|transcript|Y92H12BL.1a.1|protein_coding|3/5|c.638+138C>T||||||,T|intron_variant|MODIFIER|Y92H12BL.1|WBGene00022363|transcript|Y92H12BL.1a.2|protein_coding|3/4|c.638+138C>T||||||",GT:GQ:DP:AD:VAF:PL,.,.,.,.,.,.,.,.,.,.,.,.,.,.,"1/1:3:2:0,2:1:4,2,0"
chrI,1363066,.,A,T,22.3,PASS,"ANN=T|upstream_gene_variant|MODIFIER|Y92H12BL.5|WBGene00022366|transcript|Y92H12BL.5.1|protein_coding||c.-2455A>T|||||2243|,T|upstream_gene_variant|MODIFIER|Y92H12BL.6|WBGene00303097|transcript|Y92H12BL.6.1|protein_coding||c.-2270A>T|||||2270|WARNING_TRANSCRIPT_NO_START_CODON,T|downstream_gene_variant|MODIFIER|Y92H12BL.1|WBGene00022363|transcript|Y92H12BL.1a.1|protein_coding||c.*3755A>T|||||3471|,T|downstream_gene_variant|MODIFIER|Y92H12BL.1|WBGene00022363|transcript|Y92H12BL.1a.2|protein_coding||c.*4650A>T|||||4181|,T|downstream_gene_variant|MODIFIER|Y92H12BL.1|WBGene00022363|transcript|Y92H12BL.1b.1|protein_coding||c.*3755A>T|||||3471|,T|intergenic_region|MODIFIER|Y92H12BL.1-Y92H12BL.5|WBGene00022363-WBGene00022366|intergenic_region|WBGene00022363-WBGene00022366|||n.1363066A>T||||||",GT:GQ:DP:AD:VAF:PL,.,.,.,.,.,.,.,.,.,.,.,.,.,.,"1/1:8:2:0,2:1:21,7,0"
chrI,3356923,.,G,A,10.2,PASS,"ANN=A|synonymous_variant|LOW|W05F2.7|WBGene00021039|transcript|W05F2.7.1|protein_coding|16/24|c.2481G>A|p.Val827Val|2510/3813|2481/3684|827/1227||,A|synonymous_variant|LOW|W05F2.7|WBGene00021039|transcript|W05F2.7.2|protein_coding|16/24|c.2481G>A|p.Val827Val|2529/3832|2481/3684|827/1227||",GT:GQ:DP:AD:VAF:PL,.,.,.,.,.,.,.,.,.,.,.,.,.,.,"1/1:4:2:0,2:1:7,2,0"
chrI,3385801,.,AT,A,5.9,PASS,"ANN=A|upstream_gene_variant|MODIFIER|F25F1.3|WBGene00200218|transcript|F25F1.3|lincRNA||n.-718delA|||||718|,A|downstream_gene_variant|MODIFIER|F25F1.4|WBGene00201193|transcript|F25F1.4|lincRNA||n.*718delT|||||718|,A|intron_variant|MODIFIER|W05F2.4|WBGene00021036|transcript|W05F2.4a.1|protein_coding|23/35|c.3262-1795delA||||||,A|intron_variant|MODIFIER|W05F2.4|WBGene00021036|transcript|W05F2.4d.1|protein_coding|1/13|c.30+549delA||||||,A|intron_variant|MODIFIER|W05F2.4|WBGene00021036|transcript|W05F2.4b.2|protein_coding|13/25|c.-54-1795delA||||||,A|intron_variant|MODIFIER|W05F2.4|WBGene00021036|transcript|W05F2.4b.3|protein_coding|13/25|c.-54-1795delA||||||,A|intron_variant|MODIFIER|W05F2.4|WBGene00021036|transcript|W05F2.4b.1|protein_coding|17/29|c.-54-1795delA||||||,A|intron_variant|MODIFIER|W05F2.4|WBGene00021036|transcript|W05F2.4c.2|protein_coding|13/24|c.-54-1795delA||||||,A|intron_variant|MODIFIER|W05F2.4|WBGene00021036|transcript|W05F2.4c.3|protein_coding|13/24|c.-54-1795delA||||||,A|intron_variant|MODIFIER|W05F2.4|WBGene00021036|transcript|W05F2.4c.1|protein_coding|17/28|c.-54-1795delA||||||,A|intron_variant|MODIFIER|W05F2.4|WBGene00021036|transcript|W05F2.4e.1|protein_coding|23/32|c.3397-1795delA||||||,A|intron_variant|MODIFIER|W05F2.4|WBGene00021036|transcript|W05F2.4e.2|protein_coding|24/33|c.3397-1795delA||||||",GT:GQ:DP:AD:VAF:PL,.,.,.,.,.,.,.,.,.,.,.,.,.,.,"1/1:3:2:0,2:1:2,2,0"
chrI,4774285,.,G,A,14.1,PASS,"ANN=A|missense_variant|MODERATE|M04F3.5|WBGene00019771|transcript|M04F3.5a.1|protein_coding|5/5|c.1741C>T|p.Pro581Ser|1786/2253|1741/1968|581/655||,A|missense_variant|MODERATE|M04F3.5|WBGene00019771|transcript|M04F3.5b.1|protein_coding|4/4|c.1732C>T|p.Pro578Ser|1733/2200|1732/1959|578/652||,A|upstream_gene_variant|MODIFIER|M04F3.4|WBGene00019770|transcript|M04F3.4a.1|protein_coding||c.-1261C>T|||||1259|,A|upstream_gene_variant|MODIFIER|F54D7.8|WBGene00199106|transcript|F54D7.8|lincRNA||n.-4605G>A|||||4605|,A|upstream_gene_variant|MODIFIER|M04F3.4|WBGene00019770|transcript|M04F3.4b.2|protein_coding||c.-1261C>T|||||1215|,A|upstream_gene_variant|MODIFIER|M04F3.4|WBGene00019770|transcript|M04F3.4b.1|protein_coding||c.-692C>T|||||612|,A|downstream_gene_variant|MODIFIER|rpa-2|WBGene00019767|transcript|M04F3.1.1|protein_coding||c.*3019G>A|||||2927|,A|downstream_gene_variant|MODIFIER|rpa-2|WBGene00019767|transcript|M04F3.1.2|protein_coding||c.*3019G>A|||||2927|",GT:GQ:DP:AD:VAF:PL,.,.,.,.,.,.,.,.,.,.,.,.,.,.,"1/1:5:2:0,2:1:12,3,0"
chrI,6485568,.,A,T,8.9,PASS,"ANN=T|missense_variant|MODERATE|sulp-1|WBGene00016945|transcript|C55B7.6a.1|protein_coding|10/11|c.1945A>T|p.Ile649Leu|1945/2190|1945/2190|649/729||,T|missense_variant|MODERATE|sulp-1|WBGene00016945|transcript|C55B7.6b.1|protein_coding|10/11|c.1933A>T|p.Ile645Leu|1933/2178|1933/2178|645/725||,T|upstream_gene_variant|MODIFIER|K06A5.9|WBGene00199192|transcript|K06A5.9|lincRNA||n.-2456T>A|||||2456|,T|intron_variant|MODIFIER|nmtn-1|WBGene00019434|transcript|K06A5.8b.1|protein_coding|9/19|c.1540+360T>A||||||,T|intron_variant|MODIFIER|nmtn-1|WBGene00019434|transcript|K06A5.8b.3|protein_coding|9/20|c.1540+360T>A||||||,T|intron_variant|MODIFIER|nmtn-1|WBGene00019434|transcript|K06A5.8b.2|protein_coding|9/19|c.1540+360T>A||||||,T|intron_variant|MODIFIER|nmtn-1|WBGene00019434|transcript|K06A5.8d.1|protein_coding|4/13|c.742+360T>A||||||,T|intron_variant|MODIFIER|nmtn-1|WBGene00019434|transcript|K06A5.8a.1|protein_coding|9/19|c.1540+360T>A||||||,T|intron_variant|MODIFIER|nmtn-1|WBGene00019434|transcript|K06A5.8a.2|protein_coding|9/19|c.1540+360T>A||||||",GT:GQ:DP:AD:VAF:PL,.,.,.,.,.,.,.,.,.,.,.,.,.,.,"1/1:3:2:0,2:1:6,2,0"
chrI,7423911,.,G,A,12.6,PASS,"ANN=A|intron_variant|MODIFIER|unc-13|WBGene00006752|transcript|ZK524.2d.1|protein_coding|2/30|c.103+924G>A||||||,A|intron_variant|MODIFIER|unc-13|WBGene00006752|transcript|ZK524.2a.1|protein_coding|2/28|c.103+924G>A||||||,A|intron_variant|MODIFIER|unc-13|WBGene00006752|transcript|ZK524.2e.1|protein_coding|2/29|c.103+924G>A||||||,A|intron_variant|MODIFIER|unc-13|WBGene00006752|transcript|ZK524.2f.1|protein_coding|2/29|c.103+924G>A||||||,A|intron_variant|MODIFIER|unc-13|WBGene00006752|transcript|ZK524.2i.1|protein_coding|2/28|c.103+924G>A||||||,A|intron_variant|MODIFIER|unc-13|WBGene00006752|transcript|ZK524.2j.1|protein_coding|2/28|c.58+924G>A||||||,A|intron_variant|MODIFIER|unc-13|WBGene00006752|transcript|ZK524.2k.1|protein_coding|2/28|c.58+924G>A||||||,A|intron_variant|MODIFIER|unc-13|WBGene00006752|transcript|ZK524.2c.1|protein_coding|1/28|c.-921+924G>A||||||,A|intron_variant|MODIFIER|unc-13|WBGene00006752|transcript|ZK524.2h.1|protein_coding|1/27|c.-921+924G>A||||||",GT:GQ:DP:AD:VAF:PL,.,.,.,.,.,.,.,.,.,.,.,.,.,.,"1/1:4:2:0,2:1:10,2,0"
chrI,8574988,.,T,A,7.6,PASS,"ANN=A|missense_variant|MODERATE|rskn-1|WBGene00011352|transcript|T01H8.1e.1|protein_coding|11/13|c.2018A>T|p.Asp673Val|2024/2839|2018/2415|673/804||,A|missense_variant|MODERATE|rskn-1|WBGene00011352|transcript|T01H8.1b.1|protein_coding|10/12|c.1865A>T|p.Asp622Val|2018/2808|1865/2184|622/727||,A|missense_variant|MODERATE|rskn-1|WBGene00011352|transcript|T01H8.1a.1|protein_coding|11/13|c.2036A>T|p.Asp679Val|2036/2826|2036/2355|679/784||,A|missense_variant|MODERATE|rskn-1|WBGene00011352|transcript|T01H8.1c.1|protein_coding|10/12|c.1919A>T|p.Asp640Val|1957/2747|1919/2238|640/745||,A|missense_variant|MODERATE|rskn-1|WBGene00011352|transcript|T01H8.1d.1|protein_coding|11/14|c.1979A>T|p.Asp660Val|2018/2731|1979/2205|660/734||,A|upstream_gene_variant|MODIFIER|gon-2|WBGene00001651|transcript|T01H8.5a.1|protein_coding||c.-4031A>T|||||3990|,A|upstream_gene_variant|MODIFIER|T01H8.2|WBGene00011353|transcript|T01H8.2.1|protein_coding||c.-1241A>T|||||1239|,A|upstream_gene_variant|MODIFIER|gon-2|WBGene00001651|transcript|T01H8.5b.1|protein_coding||c.-4031A>T|||||3990|",GT:GQ:DP:AD:VAF:PL,.,.,.,.,.,.,.,.,.,.,.,.,.,.,"1/1:3:2:0,2:1:4,2,0"
chrI,9134766,.,C,T,30.4,PASS,"ANN=T|upstream_gene_variant|MODIFIER|ZK858.9|WBGene00201319|transcript|ZK858.9|lincRNA||n.-4406C>T|||||4406|,T|downstream_gene_variant|MODIFIER|ZK858.5|WBGene00014118|transcript|ZK858.5.1|protein_coding||c.*1081G>A|||||998|,T|downstream_gene_variant|MODIFIER|ZK858.6|WBGene00014119|transcript|ZK858.6a.1|protein_coding||c.*3816G>A|||||3501|,T|downstream_gene_variant|MODIFIER|ZK858.6|WBGene00014119|transcript|ZK858.6b.1|protein_coding||c.*3816G>A|||||3501|,T|downstream_gene_variant|MODIFIER|ZK858.6|WBGene00014119|transcript|ZK858.6b.2|protein_coding||c.*4046G>A|||||3702|,T|downstream_gene_variant|MODIFIER|ZK858.6|WBGene00014119|transcript|ZK858.6a.2|protein_coding||c.*4046G>A|||||3702|,T|intron_variant|MODIFIER|mel-26|WBGene00003209|transcript|ZK858.4b.1|protein_coding|4/5|c.979-209C>T||||||,T|intron_variant|MODIFIER|mel-26|WBGene00003209|transcript|ZK858.4a.1|protein_coding|4/5|c.979-221C>T||||||",GT:GQ:DP:AD:VAF:PL,.,.,.,.,.,.,.,.,.,.,.,.,.,.,"1/1:8:4:0,4:1:29,7,0"
chrI,9332709,.,C,T,36.8,PASS,"ANN=T|upstream_gene_variant|MODIFIER|C12C8.t4|WBGene00013010|transcript|C12C8.t4|protein_coding||c.-4222G>A|||||4222|WARNING_TRANSCRIPT_NO_START_CODON,T|upstream_gene_variant|MODIFIER|C12C8.7|WBGene00198816|transcript|C12C8.7|lincRNA||n.-4004G>A|||||4004|,T|upstream_gene_variant|MODIFIER|C12C8.8|WBGene00219811|transcript|C12C8.8|lincRNA||n.-60G>A|||||60|,T|upstream_gene_variant|MODIFIER|mir-79|WBGene00003307|transcript|C12C8.4|pseudogene||n.-237C>T|||||237|,T|upstream_gene_variant|MODIFIER|mir-79|WBGene00003307|transcript|C12C8.4a|miRNA||n.-255C>T|||||255|,T|upstream_gene_variant|MODIFIER|mir-79|WBGene00003307|transcript|C12C8.4b|miRNA||n.-297C>T|||||297|,T|downstream_gene_variant|MODIFIER|cbl-1|WBGene00007533|transcript|C12C8.2a.1|protein_coding||c.*1985C>T|||||1781|,T|downstream_gene_variant|MODIFIER|C12C8.5|WBGene00195751|transcript|C12C8.5|lincRNA||n.*4219C>T|||||4219|,T|downstream_gene_variant|MODIFIER|C12C8.t3|WBGene00012752|transcript|C12C8.t3|protein_coding||c.*4008C>T|||||4008|WARNING_TRANSCRIPT_NO_START_CODON,T|downstream_gene_variant|MODIFIER|C12C8.6|WBGene00198071|transcript|C12C8.6|lincRNA||n.*243G>A|||||243|,T|downstream_gene_variant|MODIFIER|lin-41|WBGene00003026|transcript|C12C8.3a.1|protein_coding||c.*3256G>A|||||2103|,T|downstream_gene_variant|MODIFIER|cbl-1|WBGene00007533|transcript|C12C8.2b.1|protein_coding||c.*2887C>T|||||2577|,T|downstream_gene_variant|MODIFIER|lin-41|WBGene00003026|transcript|C12C8.3b.1|protein_coding||c.*3256G>A|||||2103|,T|downstream_gene_variant|MODIFIER|lin-41|WBGene00003026|transcript|C12C8.3a.2|protein_coding||c.*3256G>A|||||3256|,T|downstream_gene_variant|MODIFIER|lin-41|WBGene00003026|transcript|C12C8.3b.2|protein_coding||c.*3256G>A|||||3256|,T|intergenic_region|MODIFIER|C12C8.8-mir-79|WBGene00219811-WBGene00003307|intergenic_region|WBGene00219811-WBGene00003307|||n.9332709C>T||||||",GT:GQ:DP:AD:VAF:PL,.,.,.,.,.,.,.,.,.,.,.,.,.,.,"1/1:23:10:0,10:1:36,23,0"
chrI,9419822,.,C,T,32.5,PASS,"ANN=T|synonymous_variant|LOW|C17E4.4|WBGene00007644|transcript|C17E4.4.1|protein_coding|3/3|c.243C>T|p.Leu81Leu|363/539|243/378|81/125||,T|upstream_gene_variant|MODIFIER|marc-3|WBGene00007643|transcript|C17E4.3.1|protein_coding||c.-949G>A|||||938|,T|upstream_gene_variant|MODIFIER|C17E4.6|WBGene00007645|transcript|C17E4.6.1|protein_coding||c.-2744C>T|||||2734|,T|downstream_gene_variant|MODIFIER|C17E4.20|WBGene00219313|transcript|C17E4.20.1|protein_coding||c.*3317C>T|||||3119|,T|downstream_gene_variant|MODIFIER|C17E4.11|WBGene00044236|transcript|C17E4.11.1|protein_coding||c.*239G>A|||||151|,T|downstream_gene_variant|MODIFIER|pabp-2|WBGene00003904|transcript|C17E4.5.1|protein_coding||c.*1424G>A|||||1085|",GT:GQ:DP:AD:VAF:PL,.,.,.,.,.,.,.,.,.,.,.,.,.,.,"1/1:12:5:0,5:1:32,11,0"
chrI,9571464,.,C,T,45.7,PASS,"ANN=T|upstream_gene_variant|MODIFIER|21ur-12607|WBGene00174101|transcript|C36F7.7|pseudogene||n.-2586G>A|||||2586|,T|upstream_gene_variant|MODIFIER|21ur-13747|WBGene00173976|transcript|C36F7.6|pseudogene||n.-2585G>A|||||2585|,T|upstream_gene_variant|MODIFIER|C36F7.13|WBGene00197305|transcript|C36F7.13|lincRNA||n.-457C>T|||||457|,T|upstream_gene_variant|MODIFIER|C36F7.25|WBGene00202155|transcript|C36F7.25|lincRNA||n.-3839C>T|||||3839|,T|upstream_gene_variant|MODIFIER|F42H11.1|WBGene00009646|transcript|F42H11.1.1|protein_coding||c.-4893C>T|||||4893|,T|upstream_gene_variant|MODIFIER|rig-5|WBGene00004372|transcript|C36F7.4d.1|protein_coding||c.-3287G>A|||||3234|,T|downstream_gene_variant|MODIFIER|C36F7.5|WBGene00007986|transcript|C36F7.5.1|protein_coding||c.*3339G>A|||||3298|,T|intron_variant|MODIFIER|rig-5|WBGene00004372|transcript|C36F7.4e.1|protein_coding|4/11|c.566-279G>A||||||,T|intron_variant|MODIFIER|rig-5|WBGene00004372|transcript|C36F7.4a.1|protein_coding|5/9|c.295+686G>A||||||,T|intron_variant|MODIFIER|rig-5|WBGene00004372|transcript|C36F7.4g.1|protein_coding|4/9|c.566-279G>A||||||,T|intron_variant|MODIFIER|rig-5|WBGene00004372|transcript|C36F7.4b.1|protein_coding|4/9|c.565+686G>A||||||,T|intron_variant|MODIFIER|rig-5|WBGene00004372|transcript|C36F7.4c.1|protein_coding|4/10|c.566-279G>A||||||,T|intron_variant|MODIFIER|rig-5|WBGene00004372|transcript|C36F7.4f.1|protein_coding|4/11|c.413-279G>A||||||",GT:GQ:DP:AD:VAF:PL,.,.,.,.,.,.,.,.,.,.,.,.,.,.,"1/1:27:10:0,10:1:45,26,0"
chrI,9594645,.,C,T,28.2,PASS,"ANN=T|upstream_gene_variant|MODIFIER|K07A1.4|WBGene00010611|transcript|K07A1.4.1|protein_coding||c.-4731G>A|||||4714|,T|upstream_gene_variant|MODIFIER|K07A1.6|WBGene00010613|transcript|K07A1.6.1|protein_coding||c.-1573G>A|||||1542|,T|upstream_gene_variant|MODIFIER|K07A1.18|WBGene00196143|transcript|K07A1.18|lincRNA||n.-3469C>T|||||3469|,T|downstream_gene_variant|MODIFIER|K07A1.5|WBGene00010612|transcript|K07A1.5.1|protein_coding||c.*2865C>T|||||2824|,T|downstream_gene_variant|MODIFIER|cri-1|WBGene00010614|transcript|K07A1.7.1|protein_coding||c.*1024G>A|||||631|,T|intergenic_region|MODIFIER|K07A1.6-cri-1|WBGene00010613-WBGene00010614|intergenic_region|WBGene00010613-WBGene00010614|||n.9594645C>T||||||",GT:GQ:DP:AD:VAF:PL,.,.,.,.,.,.,.,.,.,.,.,.,.,.,"1/1:8:4:0,4:1:27,7,0"
chrI,9698831,.,C,T,38.5,PASS,"ANN=T|upstream_gene_variant|MODIFIER|C04F12.12|WBGene00077685|transcript|C04F12.12.1|protein_coding||c.-3698G>A|||||3659|,T|upstream_gene_variant|MODIFIER|21ur-15317|WBGene00171663|transcript|C04F12.14|pseudogene||n.-3391G>A|||||3391|,T|upstream_gene_variant|MODIFIER|C04F12.7|WBGene00007301|transcript|C04F12.7.1|protein_coding||c.-2121G>A|||||2069|,T|upstream_gene_variant|MODIFIER|C04F12.17|WBGene00219798|transcript|C04F12.17|snoRNA||n.-4246C>T|||||4246|,T|downstream_gene_variant|MODIFIER|21ur-15375|WBGene00168902|transcript|C04F12.13|pseudogene||n.*170G>A|||||170|,T|intron_variant|MODIFIER|C04F12.8|WBGene00007302|transcript|C04F12.8.1|protein_coding|2/3|c.252+296G>A||||||",GT:GQ:DP:AD:VAF:PL,.,.,.,.,.,.,.,.,.,.,.,.,.,.,"1/1:18:7:0,7:1:38,17,0"
chrI,9699327,.,T,A,34.8,PASS,"ANN=A|upstream_gene_variant|MODIFIER|C04F12.12|WBGene00077685|transcript|C04F12.12.1|protein_coding||c.-4194A>T|||||4155|,A|upstream_gene_variant|MODIFIER|21ur-15317|WBGene00171663|transcript|C04F12.14|pseudogene||n.-3887A>T|||||3887|,A|upstream_gene_variant|MODIFIER|C04F12.7|WBGene00007301|transcript|C04F12.7.1|protein_coding||c.-2617A>T|||||2565|,A|upstream_gene_variant|MODIFIER|21ur-15375|WBGene00168902|transcript|C04F12.13|pseudogene||n.-306A>T|||||306|,A|upstream_gene_variant|MODIFIER|C04F12.17|WBGene00219798|transcript|C04F12.17|snoRNA||n.-3750T>A|||||3750|,A|intron_variant|MODIFIER|C04F12.8|WBGene00007302|transcript|C04F12.8.1|protein_coding|1/3|c.157+72A>T||||||",GT:GQ:DP:AD:VAF:PL,.,.,.,.,.,.,.,.,.,.,.,.,.,.,"1/1:20:8:0,8:1:34,19,0"
chrI,9755735,.,C,T,40.1,PASS,"ANN=T|splice_region_variant&synonymous_variant|LOW|sur-6|WBGene00006352|transcript|F26E4.1.1|protein_coding|6/10|c.759C>T|p.Asn253Asn|875/2526|759/1488|253/495||,T|upstream_gene_variant|MODIFIER|K02A11.5|WBGene00195989|transcript|K02A11.5|lincRNA||n.-4266G>A|||||4266|,T|downstream_gene_variant|MODIFIER|K02A11.12|WBGene00219998|transcript|K02A11.12|snoRNA||n.*4399C>T|||||4399|,T|downstream_gene_variant|MODIFIER|K02A11.11|WBGene00201768|transcript|K02A11.11|lincRNA||n.*4266C>T|||||4266|,T|downstream_gene_variant|MODIFIER|K02A11.6|WBGene00197005|transcript|K02A11.6|lincRNA||n.*3208C>T|||||3208|,T|downstream_gene_variant|MODIFIER|K02A11.9|WBGene00198315|transcript|K02A11.9|lincRNA||n.*2993C>T|||||2993|,T|downstream_gene_variant|MODIFIER|F26E4.2|WBGene00009157|transcript|F26E4.2.1|protein_coding||c.*2154G>A|||||2119|",GT:GQ:DP:AD:VAF:PL,.,.,.,.,.,.,.,.,.,.,.,.,.,.,"1/1:29:11:0,11:1:40,29,0"
chrI,9857160,.,C,T,24.6,PASS,"ANN=T|upstream_gene_variant|MODIFIER|K10C3.8|WBGene00196100|transcript|K10C3.8|lincRNA||n.-4361G>A|||||4361|,T|upstream_gene_variant|MODIFIER|K10C3.4|WBGene00010731|transcript|K10C3.4b.1|protein_coding||c.-4439C>T|||||3840|,T|downstream_gene_variant|MODIFIER|K10C3.9|WBGene00196743|transcript|K10C3.9|lincRNA||n.*3002C>T|||||3002|,T|downstream_gene_variant|MODIFIER|K10C3.10|WBGene00198838|transcript|K10C3.10|lincRNA||n.*2778C>T|||||2778|,T|downstream_gene_variant|MODIFIER|K10C3.7|WBGene00195817|transcript|K10C3.7|lincRNA||n.*223G>A|||||223|,T|downstream_gene_variant|MODIFIER|K10C3.11|WBGene00199077|transcript|K10C3.11|lincRNA||n.*1122G>A|||||1122|,T|downstream_gene_variant|MODIFIER|K10C3.12|WBGene00199840|transcript|K10C3.12|lincRNA||n.*1713G>A|||||1713|,T|intron_variant|MODIFIER|K10C3.4|WBGene00010731|transcript|K10C3.4a.1|protein_coding|1/6|c.-84-2112C>T||||||,T|intron_variant|MODIFIER|K10C3.4|WBGene00010731|transcript|K10C3.4c|lincRNA|1/6|n.32-2112C>T||||||",GT:GQ:DP:AD:VAF:PL,.,.,.,.,.,.,.,.,.,.,.,.,.,.,"1/1:6:3:0,3:1:23,5,0"
chrI,9894161,.,G,A,38,PASS,"ANN=A|upstream_gene_variant|MODIFIER|oct-1|WBGene00003842|transcript|F52F12.1a.1|protein_coding||c.-1983C>T|||||1938|,A|upstream_gene_variant|MODIFIER|F52F12.18|WBGene00201926|transcript|F52F12.18|lincRNA||n.-137G>A|||||137|,A|upstream_gene_variant|MODIFIER|F52F12.13|WBGene00199039|transcript|F52F12.13|lincRNA||n.-737G>A|||||737|,A|upstream_gene_variant|MODIFIER|oct-1|WBGene00003842|transcript|F52F12.1b.1|protein_coding||c.-2650C>T|||||2617|,A|upstream_gene_variant|MODIFIER|oct-1|WBGene00003842|transcript|F52F12.1b.2|protein_coding||c.-2650C>T|||||2489|,A|downstream_gene_variant|MODIFIER|mom-4|WBGene00003396|transcript|F52F12.3.1|protein_coding||c.*1821C>T|||||1532|,A|intron_variant|MODIFIER|col-64|WBGene00000640|transcript|F52F12.2.1|protein_coding|3/3|c.799+139C>T||||||",GT:GQ:DP:AD:VAF:PL,.,.,.,.,.,.,.,.,.,.,.,.,.,.,"1/1:16:6:0,6:1:37,15,0"
chrI,9982115,.,C,T,33.7,PASS,"ANN=T|missense_variant|MODERATE|sys-1|WBGene00006379|transcript|T23D8.9a.1|protein_coding|6/10|c.1205G>A|p.Gly402Glu|1244/2905|1205/2436|402/811||,T|missense_variant|MODERATE|sys-1|WBGene00006379|transcript|T23D8.9c.1|protein_coding|5/9|c.806G>A|p.Gly269Glu|1134/2693|806/2037|269/678||,T|missense_variant|MODERATE|sys-1|WBGene00006379|transcript|T23D8.9a.2|protein_coding|6/10|c.1205G>A|p.Gly402Glu|1267/2826|1205/2436|402/811||,T|3_prime_UTR_variant|MODIFIER|sys-1|WBGene00006379|transcript|T23D8.9b.1|protein_coding|6/10|c.*496G>A|||||541|,T|upstream_gene_variant|MODIFIER|eif-3.C|WBGene00001226|transcript|T23D8.4.1|protein_coding||c.-2455G>A|||||2453|,T|upstream_gene_variant|MODIFIER|T23D8.10|WBGene00201084|transcript|T23D8.10|lincRNA||n.-4228C>T|||||4228|,T|upstream_gene_variant|MODIFIER|eif-3.C|WBGene00001226|transcript|T23D8.4.2|protein_coding||c.-2455G>A|||||2453|,T|upstream_gene_variant|MODIFIER|eif-3.C|WBGene00001226|transcript|T23D8.4.3|protein_coding||c.-2455G>A|||||2453|,T|downstream_gene_variant|MODIFIER|sys-1|WBGene00006379|transcript|T23D8.9b.2|protein_coding||c.*496G>A|||||348|",GT:GQ:DP:AD:VAF:PL,.,.,.,.,.,.,.,.,.,.,.,.,.,.,"1/1:14:7:0,7:1:33,13,0"
chrI,10035503,.,C,T,35,PASS,"ANN=T|upstream_gene_variant|MODIFIER|F10G8.10|WBGene00196146|transcript|F10G8.10|lincRNA||n.-2313G>A|||||2313|,T|upstream_gene_variant|MODIFIER|ncs-2|WBGene00003564|transcript|F10G8.5.1|protein_coding||c.-724G>A|||||687|,T|downstream_gene_variant|MODIFIER|F10G8.12|WBGene00198497|transcript|F10G8.12|lincRNA||n.*2140G>A|||||2140|,T|downstream_gene_variant|MODIFIER|F10G8.11|WBGene00196679|transcript|F10G8.11|lincRNA||n.*4502G>A|||||4502|,T|intron_variant|MODIFIER|ercc-1|WBGene00008665|transcript|F10G8.7.1|protein_coding|1/7|c.55+5264C>T||||||,T|intron_variant|MODIFIER|ercc-1|WBGene00008665|transcript|F10G8.7.2|protein_coding|1/6|c.55+5264C>T||||||",GT:GQ:DP:AD:VAF:PL,.,.,.,.,.,.,.,.,.,.,.,.,.,.,"1/1:10:4:0,4:1:34,9,0"
chrI,10057542,.,CA,C,29,PASS,"ANN=C|downstream_gene_variant|MODIFIER|Y106G6C.1|WBGene00199505|transcript|Y106G6C.1|lincRNA||n.*4677delT|||||4677|,C|intron_variant|MODIFIER|F10G8.8|WBGene00008666|transcript|F10G8.8b.1|protein_coding|1/13|c.109-627delT||||||,C|intron_variant|MODIFIER|F10G8.8|WBGene00008666|transcript|F10G8.8a.1|protein_coding|1/14|c.109-627delT||||||",GT:GQ:DP:AD:VAF:PL,.,.,.,.,.,.,.,.,.,.,.,.,.,.,"1/1:5:3:1,2:0.666667:27,4,0"
chrI,10078282,.,C,T,31,PASS,"ANN=T|upstream_gene_variant|MODIFIER|B0379.7|WBGene00007159|transcript|B0379.7.1|protein_coding||c.-3981G>A|||||3883|,T|upstream_gene_variant|MODIFIER|mut-16|WBGene00003508|transcript|B0379.3a.1|protein_coding||c.-1880C>T|||||1877|,T|upstream_gene_variant|MODIFIER|B0379.7|WBGene00007159|transcript|B0379.7.2|protein_coding||c.-4253G>A|||||4219|,T|upstream_gene_variant|MODIFIER|mut-16|WBGene00003508|transcript|B0379.3b.1|protein_coding||c.-1880C>T|||||1877|,T|downstream_gene_variant|MODIFIER|B0379.1|WBGene00007155|transcript|B0379.1a.1|protein_coding||c.*657C>T|||||533|,T|downstream_gene_variant|MODIFIER|B0379.1|WBGene00007155|transcript|B0379.1b|lincRNA||n.*657C>T|||||657|,T|intergenic_region|MODIFIER|B0379.1-mut-16|WBGene00007155-WBGene00003508|intergenic_region|WBGene00007155-WBGene00003508|||n.10078282C>T||||||",GT:GQ:DP:AD:VAF:PL,.,.,.,.,.,.,.,.,.,.,.,.,.,.,"1/1:12:6:0,6:1:30,12,0"
chrI,10085202,.,C,T,27.8,PASS,"ANN=T|downstream_gene_variant|MODIFIER|scpl-1|WBGene00007054|transcript|B0379.4b.1|protein_coding||c.*1332G>A|||||1332|,T|downstream_gene_variant|MODIFIER|scpl-1|WBGene00007054|transcript|B0379.4a.1|protein_coding||c.*1332G>A|||||511|,T|downstream_gene_variant|MODIFIER|scpl-1|WBGene00007054|transcript|B0379.4c.1|protein_coding||c.*1332G>A|||||1063|,T|intron_variant|MODIFIER|mut-16|WBGene00003508|transcript|B0379.3a.1|protein_coding|13/13|c.3012+129C>T||||||,T|intron_variant|MODIFIER|mut-16|WBGene00003508|transcript|B0379.3b.1|protein_coding|13/13|c.3000+129C>T||||||",GT:GQ:DP:AD:VAF:PL,.,.,.,.,.,.,.,.,.,.,.,.,.,.,"1/1:11:6:0,6:1:27,10,0"
chrI,10085755,.,G,T,31.4,PASS,"ANN=T|3_prime_UTR_variant|MODIFIER|mut-16|WBGene00003508|transcript|B0379.3a.1|protein_coding|14/14|c.*236G>T|||||236|,T|3_prime_UTR_variant|MODIFIER|mut-16|WBGene00003508|transcript|B0379.3b.1|protein_coding|14/14|c.*236G>T|||||236|,T|3_prime_UTR_variant|MODIFIER|scpl-1|WBGene00007054|transcript|B0379.4a.1|protein_coding|11/11|c.*779C>A|||||779|,T|downstream_gene_variant|MODIFIER|scpl-1|WBGene00007054|transcript|B0379.4b.1|protein_coding||c.*779C>A|||||779|,T|downstream_gene_variant|MODIFIER|scpl-1|WBGene00007054|transcript|B0379.4c.1|protein_coding||c.*779C>A|||||510|",GT:GQ:DP:AD:VAF:PL,.,.,.,.,.,.,.,.,.,.,.,.,.,.,"1/1:16:7:0,7:1:31,16,0"
chrI,10201314,.,T,C,22.4,PASS,"ANN=C|upstream_gene_variant|MODIFIER|aha-1|WBGene00000095|transcript|C25A1.11a.1|protein_coding||c.-4324A>G|||||4314|,C|upstream_gene_variant|MODIFIER|Y106G6E.1|WBGene00013705|transcript|Y106G6E.1.1|protein_coding||c.-874A>G|||||874|,C|upstream_gene_variant|MODIFIER|Y106G6E.8|WBGene00219498|transcript|Y106G6E.8.1|protein_coding||c.-2123T>C|||||2123|,C|upstream_gene_variant|MODIFIER|aha-1|WBGene00000095|transcript|C25A1.11b.1|protein_coding||c.-4324A>G|||||4314|,C|downstream_gene_variant|MODIFIER|C25A1.15|WBGene00007713|transcript|C25A1.15.1|protein_coding||c.*3718T>C|||||3718|,C|non_coding_transcript_exon_variant|MODIFIER|Y106G6E.2|WBGene00013706|transcript|Y106G6E.2|pseudogene|2/2|n.284T>C||||||",GT:GQ:DP:AD:VAF:PL,.,.,.,.,.,.,.,.,.,.,.,.,.,.,"1/1:8:2:0,2:1:21,7,0"
chrI,10514035,.,AT,A,16.9,PASS,"ANN=A|upstream_gene_variant|MODIFIER|F59C6.16|WBGene00077764|transcript|F59C6.16.1|protein_coding||c.-158delT|||||134|,A|upstream_gene_variant|MODIFIER|exos-3|WBGene00010325|transcript|F59C6.4.1|protein_coding||c.-4345delT|||||4343|,A|upstream_gene_variant|MODIFIER|che-13|WBGene00000492|transcript|F59C6.7b.1|protein_coding||c.-4221delA|||||4221|,A|downstream_gene_variant|MODIFIER|F59C6.8|WBGene00010327|transcript|F59C6.8.1|protein_coding||c.*740delT|||||640|,A|downstream_gene_variant|MODIFIER|F59C6.18|WBGene00206464|transcript|F59C6.18.1|protein_coding||c.*2066delA|||||2000|,A|downstream_gene_variant|MODIFIER|F59C6.19|WBGene00219987|transcript|F59C6.19|lincRNA||n.*2838delA|||||2838|,A|downstream_gene_variant|MODIFIER|F59C6.15|WBGene00045164|transcript|F59C6.15|snoRNA||n.*2942delA|||||2942|,A|downstream_gene_variant|MODIFIER|nlp-4|WBGene00003742|transcript|F59C6.6.1|protein_coding||c.*3333delA|||||3288|,A|intron_variant|MODIFIER|che-13|WBGene00000492|transcript|F59C6.7a.1|protein_coding|4/8|c.357+753delA||||||",GT:GQ:DP:AD:VAF:PL,.,.,.,.,.,.,.,.,.,.,.,.,.,.,"1/1:5:4:2,2:0.5:15,3,0"
chrI,11711642,.,A,T,8.1,PASS,"ANN=T|missense_variant|MODERATE|oac-19|WBGene00009413|transcript|F35E2.6.1|protein_coding|3/11|c.452T>A|p.Val151Asp|452/2158|452/2097|151/698||,T|downstream_gene_variant|MODIFIER|F35E2.7|WBGene00009414|transcript|F35E2.7|pseudogene||n.*3314T>A|||||3314|",GT:GQ:DP:AD:VAF:PL,.,.,.,.,.,.,.,.,.,.,.,.,.,.,"1/1:3:2:0,2:1:5,2,0"
chrI,11727359,.,G,A,7.1,PASS,"ANN=A|upstream_gene_variant|MODIFIER|F35E2.10|WBGene00044270|transcript|F35E2.10|pseudogene||n.-4423C>T|||||4423|,A|upstream_gene_variant|MODIFIER|F35E2.9|WBGene00009416|transcript|F35E2.9.1|protein_coding||c.-1097C>T|||||1033|,A|downstream_gene_variant|MODIFIER|F35E2.11|WBGene00077785|transcript|F35E2.11|pseudogene||n.*3699C>T|||||3699|,A|intergenic_region|MODIFIER|F35E2.9-F35E2.11|WBGene00009416-WBGene00077785|intergenic_region|WBGene00009416-WBGene00077785|||n.11727359G>A||||||",GT:GQ:DP:AD:VAF:PL,.,.,.,.,.,.,.,.,.,.,.,.,.,.,"1/1:5:2:0,2:1:5,8,0"
chrI,12378137,.,G,A,7.7,PASS,"ANN=A|upstream_gene_variant|MODIFIER|bgnt-1.7|WBGene00011779|transcript|T15D6.4.1|protein_coding||c.-1488C>T|||||1488|,A|upstream_gene_variant|MODIFIER|T15D6.5|WBGene00011780|transcript|T15D6.5.1|protein_coding||c.-3671G>A|||||3671|,A|downstream_gene_variant|MODIFIER|gly-16|WBGene00001641|transcript|T15D6.2.1|protein_coding||c.*1198C>T|||||1198|,A|intron_variant|MODIFIER|gly-17|WBGene00001642|transcript|T15D6.3.1|protein_coding|3/7|c.363+75C>T||||||",GT:GQ:DP:AD:VAF:PL,.,.,.,.,.,.,.,.,.,.,.,.,.,.,"1/1:7:2:0,2:1:6,14,0"
chrI,12613685,.,C,A,8.6,PASS,"ANN=A|downstream_gene_variant|MODIFIER|mir-1823|WBGene00077717|transcript|T07D10.9|pseudogene||n.*4977C>A|||||4977|,A|downstream_gene_variant|MODIFIER|mir-1823|WBGene00077717|transcript|T07D10.9b|miRNA||n.*4993C>A|||||4993|,A|intergenic_region|MODIFIER|mir-1823-T07D10.11|WBGene00077717-WBGene00200936|intergenic_region|WBGene00077717-WBGene00200936|||n.12613685C>A||||||",GT:GQ:DP:AD:VAF:PL,.,.,.,.,.,.,.,.,.,.,.,.,.,.,"1/1:3:2:0,2:1:5,2,0"
chrI,12736690,.,A,T,4.5,PASS,"ANN=T|5_prime_UTR_variant|MODIFIER|vps-25|WBGene00012193|transcript|W02A11.2.2|protein_coding|1/5|c.-103T>A|||||103|,T|upstream_gene_variant|MODIFIER|W02A11.1|WBGene00012192|transcript|W02A11.1.1|protein_coding||c.-3993T>A|||||3968|,T|upstream_gene_variant|MODIFIER|W02A11.t1|WBGene00014853|transcript|W02A11.t1|pseudogene||n.-4961T>A|||||4961|,T|upstream_gene_variant|MODIFIER|toe-4|WBGene00012194|transcript|W02A11.3.1|protein_coding||c.-1413A>T|||||1397|,T|upstream_gene_variant|MODIFIER|uba-2|WBGene00006700|transcript|W02A11.4.1|protein_coding||c.-4915A>T|||||4898|,T|upstream_gene_variant|MODIFIER|W02A11.1|WBGene00012192|transcript|W02A11.1.2|protein_coding||c.-3993T>A|||||3937|,T|intron_variant|MODIFIER|vps-25|WBGene00012193|transcript|W02A11.2.1|protein_coding|1/5|c.1-103T>A||||||",GT:GQ:DP:AD:VAF:PL,.,.,.,.,.,.,.,.,.,.,.,.,.,.,"1/1:2:2:0,2:1:0,2,0"
chrI,13278296,.,T,C,7.5,PASS,"ANN=C|missense_variant|MODERATE|M01E5.2|WBGene00010805|transcript|M01E5.2.1|protein_coding|6/7|c.677A>G|p.His226Arg|696/1681|677/1077|226/358||,C|missense_variant|MODERATE|M01E5.2|WBGene00010805|transcript|M01E5.2.2|protein_coding|6/8|c.677A>G|p.His226Arg|696/1338|677/1077|226/358||,C|downstream_gene_variant|MODIFIER|M01E5.1|WBGene00010804|transcript|M01E5.1|pseudogene||n.*1832T>C|||||1832|,C|downstream_gene_variant|MODIFIER|M01E5.3|WBGene00010806|transcript|M01E5.3c.1|protein_coding||c.*3373A>G|||||2596|,C|downstream_gene_variant|MODIFIER|M01E5.3|WBGene00010806|transcript|M01E5.3a.1|protein_coding||c.*3373A>G|||||3373|,C|downstream_gene_variant|MODIFIER|M01E5.3|WBGene00010806|transcript|M01E5.3b.1|protein_coding||c.*3373A>G|||||3373|",GT:GQ:DP:AD:VAF:PL,.,.,.,.,.,.,.,.,.,.,.,.,.,.,"1/1:3:2:0,2:1:4,3,0"
chrI,13757498,.,AT,A,16.6,PASS,"ANN=A|upstream_gene_variant|MODIFIER|gpap-1|WBGene00012390|transcript|Y6B3B.5b.1|protein_coding||c.-1275delA|||||1256|,A|upstream_gene_variant|MODIFIER|gpap-1|WBGene00012390|transcript|Y6B3B.5a.1|protein_coding||c.-1233delA|||||1145|,A|intron_variant|MODIFIER|Y6B3B.4|WBGene00012389|transcript|Y6B3B.4.1|protein_coding|3/13|c.408+239delT||||||INFO_REALIGN_3_PRIME",GT:GQ:DP:AD:VAF:PL,.,.,.,.,.,.,.,.,.,.,.,.,.,.,"1/1:5:2:0,2:1:14,3,0"
chrI,14242209,.,A,G,9.3,PASS,"ANN=G|missense_variant|MODERATE|C49A1.10|WBGene00008191|transcript|C49A1.10.1|protein_coding|4/4|c.473T>C|p.Leu158Pro|493/804|473/633|158/210||,G|upstream_gene_variant|MODIFIER|clec-115|WBGene00008188|transcript|C49A1.6.1|protein_coding||c.-4019A>G|||||4019|,G|downstream_gene_variant|MODIFIER|C49A1.5|WBGene00008187|transcript|C49A1.5.1|protein_coding||c.*1034A>G|||||1021|,G|downstream_gene_variant|MODIFIER|C49A1.17|WBGene00201068|transcript|C49A1.17|lincRNA||n.*3291T>C|||||3291|",GT:GQ:DP:AD:VAF:PL,.,.,.,.,.,.,.,.,.,.,.,.,.,.,"1/1:3:2:0,2:1:6,2,0"
chrI,14508522,.,T,C,10.7,PASS,"ANN=C|synonymous_variant|LOW|Y105E8A.21|WBGene00013679|transcript|Y105E8A.21a.1|protein_coding|2/7|c.420A>G|p.Arg140Arg|433/2912|420/2805|140/934||,C|downstream_gene_variant|MODIFIER|exc-4|WBGene00001365|transcript|Y105E8A.22.1|protein_coding||c.*4141A>G|||||2909|",GT:GQ:DP:AD:VAF:PL,.,.,.,.,.,.,.,.,.,.,.,.,.,.,"1/1:4:2:0,2:1:8,2,0"
chrI,14651284,.,TC,T,12.4,PASS,"ANN=T|3_prime_UTR_variant|MODIFIER|bath-40|WBGene00013689|transcript|Y105E8B.4.1|protein_coding|4/4|c.*276delC|||||276|INFO_REALIGN_3_PRIME,T|upstream_gene_variant|MODIFIER|riok-2|WBGene00013688|transcript|Y105E8B.3.1|protein_coding||c.-831delC|||||831|,T|downstream_gene_variant|MODIFIER|Y105E8B.7|WBGene00013692|transcript|Y105E8B.7.1|protein_coding||c.*4732delC|||||4685|",GT:GQ:DP:AD:VAF:PL,.,.,.,.,.,.,.,.,.,.,.,.,.,.,"1/1:3:3:0,2:0.666667:9,1,0"
chrII,384288,.,A,T,11.6,PASS,"ANN=T|upstream_gene_variant|MODIFIER|C03H5.3|WBGene00015405|transcript|C03H5.3a.1|protein_coding||c.-1951A>T|||||1846|,T|upstream_gene_variant|MODIFIER|nstp-4|WBGene00015404|transcript|C03H5.2.1|protein_coding||c.-4554A>T|||||4545|,T|upstream_gene_variant|MODIFIER|C03H5.3|WBGene00015405|transcript|C03H5.3b.1|protein_coding||c.-2138A>T|||||2138|,T|downstream_gene_variant|MODIFIER|C03H5.9|WBGene00206366|transcript|C03H5.9.1|protein_coding||c.*3927A>T|||||3927|,T|downstream_gene_variant|MODIFIER|C03H5.7|WBGene00015409|transcript|C03H5.7a.1|protein_coding||c.*2247A>T|||||2031|,T|downstream_gene_variant|MODIFIER|C03H5.7|WBGene00015409|transcript|C03H5.7b.1|protein_coding||c.*2247A>T|||||2031|,T|intron_variant|MODIFIER|C03H5.5|WBGene00015407|transcript|C03H5.5.1|protein_coding|3/7|c.260-38T>A||||||",GT:GQ:DP:AD:VAF:PL,.,.,.,.,.,.,.,.,.,.,.,.,.,.,"1/1:4:2:0,2:1:9,2,0"
chrII,1193361,.,T,C,10.3,PASS,"ANN=C|upstream_gene_variant|MODIFIER|F53A10.2|WBGene00018734|transcript|F53A10.2a.1|protein_coding||c.-4020T>C|||||4013|,C|intergenic_region|MODIFIER|nas-27-F53A10.2|WBGene00003545-WBGene00018734|intergenic_region|WBGene00003545-WBGene00018734|||n.1193361T>C||||||",GT:GQ:DP:AD:VAF:PL,.,.,.,.,.,.,.,.,.,.,.,.,.,.,"1/1:4:2:0,2:1:7,2,0"
chrII,1333284,.,C,A,4.2,PASS,"ANN=A|upstream_gene_variant|MODIFIER|F56D12.t3|WBGene00023298|transcript|F56D12.t3|pseudogene||n.-848C>A|||||848|,A|upstream_gene_variant|MODIFIER|F56D12.t4|WBGene00023299|transcript|F56D12.t4|pseudogene||n.-2454C>A|||||2454|,A|upstream_gene_variant|MODIFIER|jip-1|WBGene00002176|transcript|F56D12.4b.1|protein_coding||c.-3809C>A|||||3781|,A|downstream_gene_variant|MODIFIER|F56D12.t1|WBGene00023296|transcript|F56D12.t1|pseudogene||n.*1229C>A|||||1229|,A|intron_variant|MODIFIER|jip-1|WBGene00002176|transcript|F56D12.4a.1|protein_coding|8/18|c.1394+614C>A||||||,A|non_coding_transcript_exon_variant|MODIFIER|F56D12.t2|WBGene00023297|transcript|F56D12.t2|pseudogene|1/1|n.39G>T||||||",GT:GQ:DP:AD:VAF:PL,.,.,.,.,.,.,.,.,.,.,.,.,.,.,"1/1:4:2:0,2:1:1,13,0"
chrII,1333286,.,C,T,4,PASS,"ANN=T|upstream_gene_variant|MODIFIER|F56D12.t3|WBGene00023298|transcript|F56D12.t3|pseudogene||n.-846C>T|||||846|,T|upstream_gene_variant|MODIFIER|F56D12.t4|WBGene00023299|transcript|F56D12.t4|pseudogene||n.-2452C>T|||||2452|,T|upstream_gene_variant|MODIFIER|jip-1|WBGene00002176|transcript|F56D12.4b.1|protein_coding||c.-3807C>T|||||3779|,T|downstream_gene_variant|MODIFIER|F56D12.t1|WBGene00023296|transcript|F56D12.t1|pseudogene||n.*1231C>T|||||1231|,T|intron_variant|MODIFIER|jip-1|WBGene00002176|transcript|F56D12.4a.1|protein_coding|8/18|c.1394+616C>T||||||,T|non_coding_transcript_exon_variant|MODIFIER|F56D12.t2|WBGene00023297|transcript|F56D12.t2|pseudogene|1/1|n.37G>A||||||",GT:GQ:DP:AD:VAF:PL,.,.,.,.,.,.,.,.,.,.,.,.,.,.,"1/1:4:2:0,2:1:1,13,0"
chrII,1469088,.,C,T,8.1,PASS,"ANN=T|upstream_gene_variant|MODIFIER|Y51H7C.13|WBGene00021791|transcript|Y51H7C.13.1|protein_coding||c.-2544G>A|||||2542|,T|upstream_gene_variant|MODIFIER|H17B01.2|WBGene00000646|transcript|H17B01.2.1|protein_coding||c.-1477C>T|||||1477|,T|downstream_gene_variant|MODIFIER|H17B01.5|WBGene00044643|transcript|H17B01.5.1|protein_coding||c.*3824G>A|||||3537|,T|intron_variant|MODIFIER|Y51H7C.1|WBGene00021779|transcript|Y51H7C.1.1|protein_coding|6/6|c.915+25C>T||||||",GT:GQ:DP:AD:VAF:PL,.,.,.,.,.,.,.,.,.,.,.,.,.,.,"1/1:3:2:0,2:1:5,2,0"
chrII,1602072,.,T,C,9.8,PASS,"ANN=C|missense_variant|MODERATE|bath-47|WBGene00006464|transcript|T07H3.1.1|protein_coding|2/8|c.191T>C|p.Phe64Ser|234/2196|191/2121|64/706||,C|upstream_gene_variant|MODIFIER|bath-26|WBGene00020329|transcript|T07H3.6.1|protein_coding||c.-1375A>G|||||1358|,C|upstream_gene_variant|MODIFIER|T07H3.9|WBGene00201668|transcript|T07H3.9|lincRNA||n.-3067T>C|||||3067|,C|downstream_gene_variant|MODIFIER|bath-46|WBGene00020325|transcript|T07H3.2.1|protein_coding||c.*2600T>C|||||2584|,C|downstream_gene_variant|MODIFIER|bath-33|WBGene00015595|transcript|C08E3.3.1|protein_coding||c.*2595A>G|||||2594|,C|downstream_gene_variant|MODIFIER|fbxa-161|WBGene00015596|transcript|C08E3.4|pseudogene||n.*4523A>G|||||4523|",GT:GQ:DP:AD:VAF:PL,.,.,.,.,.,.,.,.,.,.,.,.,.,.,"1/1:4:2:0,2:1:7,2,0"
chrII,2078870,.,T,C,11.3,PASS,"ANN=C|missense_variant|MODERATE|F07E5.9|WBGene00017214|transcript|F07E5.9.1|protein_coding|6/11|c.344A>G|p.Gln115Arg|637/1532|344/1239|115/412||,C|upstream_gene_variant|MODIFIER|F07E5.8|WBGene00017213|transcript|F07E5.8.1|protein_coding||c.-3040A>G|||||3040|,C|upstream_gene_variant|MODIFIER|F07E5.10|WBGene00023266|transcript|F07E5.10|pseudogene||n.-968A>G|||||968|,C|upstream_gene_variant|MODIFIER|T16A1.4|WBGene00020535|transcript|T16A1.4.1|protein_coding||c.-2687T>C|||||2687|,C|downstream_gene_variant|MODIFIER|T16A1.5|WBGene00020536|transcript|T16A1.5.1|protein_coding||c.*4725A>G|||||4725|",GT:GQ:DP:AD:VAF:PL,.,.,.,.,.,.,.,.,.,.,.,.,.,.,"1/1:4:2:0,2:1:9,2,0"
chrII,2132075,.,C,T,21.7,PASS,"ANN=T|synonymous_variant|LOW|sdz-28|WBGene00020073|transcript|R52.1.1|protein_coding|5/5|c.795C>T|p.Cys265Cys|810/1210|795/981|265/326||,T|upstream_gene_variant|MODIFIER|sdz-29|WBGene00020081|transcript|R52.10|pseudogene||n.-2794G>A|||||2794|,T|downstream_gene_variant|MODIFIER|hpo-7|WBGene00016548|transcript|C40A11.5.1|protein_coding||c.*1591G>A|||||1591|,T|downstream_gene_variant|MODIFIER|mir-8199|WBGene00016553|transcript|C40A11.10|pseudogene||n.*4747G>A|||||4747|,T|downstream_gene_variant|MODIFIER|mir-8199|WBGene00016553|transcript|C40A11.10b|miRNA||n.*4747G>A|||||4747|,T|downstream_gene_variant|MODIFIER|mir-8199|WBGene00016553|transcript|C40A11.10a|miRNA||n.*4816G>A|||||4816|",GT:GQ:DP:AD:VAF:PL,.,.,.,.,.,.,.,.,.,.,.,.,.,.,"1/1:7:3:0,3:1:20,6,0"
chrII,2297425,.,C,T,7.6,PASS,"ANN=T|upstream_gene_variant|MODIFIER|fbxc-25|WBGene00019591|transcript|K09F6.8.1|protein_coding||c.-1322G>A|||||1160|,T|downstream_gene_variant|MODIFIER|B0281.4|WBGene00015111|transcript|B0281.4.1|protein_coding||c.*513G>A|||||422|,T|downstream_gene_variant|MODIFIER|B0281.5|WBGene00015112|transcript|B0281.5a.1|protein_coding||c.*2517G>A|||||2429|,T|downstream_gene_variant|MODIFIER|B0281.6|WBGene00015113|transcript|B0281.6.1|protein_coding||c.*3976G>A|||||3883|,T|downstream_gene_variant|MODIFIER|B0281.5|WBGene00015112|transcript|B0281.5b.1|protein_coding||c.*2517G>A|||||2431|,T|intergenic_region|MODIFIER|fbxc-25-B0281.4|WBGene00019591-WBGene00015111|intergenic_region|WBGene00019591-WBGene00015111|||n.2297425C>T||||||",GT:GQ:DP:AD:VAF:PL,.,.,.,.,.,.,.,.,.,.,.,.,.,.,"1/1:4:2:0,2:1:5,3,0"
chrII,2368082,.,A,G,31.3,PASS,"ANN=G|5_prime_UTR_variant|MODIFIER|F16G10.5|WBGene00017520|transcript|F16G10.5.1|protein_coding|2/5|c.-120A>G|||||167|,G|upstream_gene_variant|MODIFIER|F43C11.11|WBGene00018388|transcript|F43C11.11.1|protein_coding||c.-4309T>C|||||4309|,G|upstream_gene_variant|MODIFIER|F43C11.12|WBGene00018389|transcript|F43C11.12.1|protein_coding||c.-1362T>C|||||1362|,G|upstream_gene_variant|MODIFIER|hpo-25|WBGene00017519|transcript|F16G10.4.1|protein_coding||c.-1174A>G|||||1174|,G|upstream_gene_variant|MODIFIER|F16G10.3|WBGene00017518|transcript|F16G10.3.1|protein_coding||c.-4308A>G|||||4308|",GT:GQ:DP:AD:VAF:PL,.,.,.,.,.,.,.,.,.,.,.,.,.,.,"1/1:11:5:0,5:1:30,10,0"
chrII,2465315,.,C,T,29.3,PASS,"ANN=T|missense_variant|MODERATE|tsr-1|WBGene00006647|transcript|F53G2.6a.1|protein_coding|10/16|c.1531G>A|p.Ala511Thr|1801/3111|1531/2490|511/829||,T|missense_variant|MODERATE|tsr-1|WBGene00006647|transcript|F53G2.6b.1|protein_coding|10/16|c.1537G>A|p.Ala513Thr|1807/3081|1537/2484|513/827||,T|downstream_gene_variant|MODIFIER|mir-8195|WBGene00255569|transcript|F53G2.11|pseudogene||n.*1227C>T|||||1227|,T|downstream_gene_variant|MODIFIER|F53G2.10|WBGene00200343|transcript|F53G2.10|lincRNA||n.*1029G>A|||||1029|,T|downstream_gene_variant|MODIFIER|mir-8195|WBGene00255569|transcript|F53G2.11a|miRNA||n.*1266C>T|||||1266|,T|downstream_gene_variant|MODIFIER|mir-8195|WBGene00255569|transcript|F53G2.11b|miRNA||n.*1227C>T|||||1227|",GT:GQ:DP:AD:VAF:PL,.,.,.,.,.,.,.,.,.,.,.,.,.,.,"1/1:8:3:0,3:1:28,6,0"
chrII,2703342,.,C,T,21.4,PASS,"ANN=T|upstream_gene_variant|MODIFIER|sri-62|WBGene00005574|transcript|F34D6.5.1|protein_coding||c.-4864G>A|||||4864|,T|upstream_gene_variant|MODIFIER|sri-61|WBGene00005573|transcript|F34D6.6.1|protein_coding||c.-3013G>A|||||3013|,T|upstream_gene_variant|MODIFIER|sri-60|WBGene00005572|transcript|Y47G7B.3.1|protein_coding||c.-485G>A|||||485|,T|downstream_gene_variant|MODIFIER|srh-128|WBGene00005345|transcript|Y47G7B.1.1|protein_coding||c.*79G>A|||||29|,T|downstream_gene_variant|MODIFIER|Y47G7B.2|WBGene00021654|transcript|Y47G7B.2.1|protein_coding||c.*2828G>A|||||2654|,T|intergenic_region|MODIFIER|sri-60-srh-128|WBGene00005572-WBGene00005345|intergenic_region|WBGene00005572-WBGene00005345|||n.2703342C>T||||||",GT:GQ:DP:AD:VAF:PL,.,.,.,.,.,.,.,.,.,.,.,.,.,.,"1/1:5:2:0,2:1:19,4,0"
chrII,2877900,.,CT,C,10.5,PASS,"ANN=C|upstream_gene_variant|MODIFIER|Y110A2AL.17|WBGene00196601|transcript|Y110A2AL.17|lincRNA||n.-1665delA|||||1665|,C|downstream_gene_variant|MODIFIER|Y110A2AL.1|WBGene00022438|transcript|Y110A2AL.1.1|protein_coding||c.*1283delT|||||1283|,C|downstream_gene_variant|MODIFIER|hpo-20|WBGene00022447|transcript|Y110A2AL.12a.1|protein_coding||c.*1010delA|||||828|,C|downstream_gene_variant|MODIFIER|hpo-20|WBGene00022447|transcript|Y110A2AL.12b.1|protein_coding||c.*1010delA|||||1010|,C|intergenic_region|MODIFIER|Y110A2AL.1-hpo-20|WBGene00022438-WBGene00022447|intergenic_region|WBGene00022438-WBGene00022447|||n.2877901delT||||||",GT:GQ:DP:AD:VAF:PL,.,.,.,.,.,.,.,.,.,.,.,.,.,.,"1/1:3:3:1,2:0.666667:7,1,0"
chrII,2937719,.,T,A,13.1,PASS,"ANN=A|synonymous_variant|LOW|irld-65|WBGene00022715|transcript|ZK355.5.1|protein_coding|2/7|c.138A>T|p.Leu46Leu|138/1518|138/1518|46/505||,A|upstream_gene_variant|MODIFIER|irld-67|WBGene00044369|transcript|ZK355.7.1|protein_coding||c.-3265A>T|||||3265|,A|downstream_gene_variant|MODIFIER|irld-63|WBGene00022711|transcript|ZK355.1.1|protein_coding||c.*4256T>A|||||4256|,A|downstream_gene_variant|MODIFIER|irld-66|WBGene00022716|transcript|ZK355.6.1|protein_coding||c.*424A>T|||||424|,A|downstream_gene_variant|MODIFIER|irld-50|WBGene00020431|transcript|T11F1.7a.1|protein_coding||c.*3277A>T|||||3277|,A|downstream_gene_variant|MODIFIER|irld-50|WBGene00020431|transcript|T11F1.7b.1|protein_coding||c.*3277A>T|||||3277|",GT:GQ:DP:AD:VAF:PL,.,.,.,.,.,.,.,.,.,.,.,.,.,.,"1/1:5:2:0,2:1:11,3,0"
chrII,2939242,.,G,A,39.3,PASS,"ANN=A|missense_variant|MODERATE|irld-66|WBGene00022716|transcript|ZK355.6.1|protein_coding|5/6|c.877C>T|p.Pro293Ser|877/1398|877/1398|293/465||,A|upstream_gene_variant|MODIFIER|irld-67|WBGene00044369|transcript|ZK355.7.1|protein_coding||c.-4788C>T|||||4788|,A|upstream_gene_variant|MODIFIER|irld-65|WBGene00022715|transcript|ZK355.5.1|protein_coding||c.-1290C>T|||||1290|,A|upstream_gene_variant|MODIFIER|irld-49|WBGene00020430|transcript|T11F1.6.1|protein_coding||c.-4940G>A|||||4934|,A|downstream_gene_variant|MODIFIER|irld-50|WBGene00020431|transcript|T11F1.7a.1|protein_coding||c.*1754C>T|||||1754|,A|downstream_gene_variant|MODIFIER|irld-50|WBGene00020431|transcript|T11F1.7b.1|protein_coding||c.*1754C>T|||||1754|",GT:GQ:DP:AD:VAF:PL,.,.,.,.,.,.,.,.,.,.,.,.,.,.,"1/1:20:8:0,8:1:39,20,0"
chrII,2972735,.,G,A,7.8,PASS,"ANN=A|upstream_gene_variant|MODIFIER|K08A2.13|WBGene00197932|transcript|K08A2.13|lincRNA||n.-3487C>T|||||3487|,A|upstream_gene_variant|MODIFIER|nhr-88|WBGene00003678|transcript|K08A2.5a.1|protein_coding||c.-3995G>A|||||3904|,A|upstream_gene_variant|MODIFIER|nhr-88|WBGene00003678|transcript|K08A2.5c.1|protein_coding||c.-3995G>A|||||3904|,A|downstream_gene_variant|MODIFIER|K08A2.14|WBGene00198710|transcript|K08A2.14|lincRNA||n.*3487G>A|||||3487|,A|intergenic_region|MODIFIER|K08A2.13-nhr-88|WBGene00197932-WBGene00003678|intergenic_region|WBGene00197932-WBGene00003678|||n.2972735G>A||||||",GT:GQ:DP:AD:VAF:PL,.,.,.,.,.,.,.,.,.,.,.,.,.,.,"1/1:3:2:0,2:1:5,2,0"
chrII,3030940,.,G,A,5.9,PASS,"ANN=A|upstream_gene_variant|MODIFIER|B0454.6|WBGene00015197|transcript|B0454.6.1|protein_coding||c.-1844G>A|||||1840|,A|downstream_gene_variant|MODIFIER|B0454.18|WBGene00199082|transcript|B0454.18|lincRNA||n.*4398C>T|||||4398|,A|intergenic_region|MODIFIER|clec-2-B0454.6|WBGene00015198-WBGene00015197|intergenic_region|WBGene00015198-WBGene00015197|||n.3030940G>A||||||",GT:GQ:DP:AD:VAF:PL,.,.,.,.,.,.,.,.,.,.,.,.,.,.,"1/1:3:2:0,2:1:2,2,0"
chrII,4566901,.,T,C,15.4,PASS,"ANN=C|upstream_gene_variant|MODIFIER|M03A1.t2|WBGene00023113|transcript|M03A1.t2|protein_coding||c.-1814A>G|||||1814|WARNING_TRANSCRIPT_NO_START_CODON,C|upstream_gene_variant|MODIFIER|M03A1.12|WBGene00200274|transcript|M03A1.12|lincRNA||n.-1431A>G|||||1431|,C|downstream_gene_variant|MODIFIER|M03A1.8|WBGene00077490|transcript|M03A1.8.1|protein_coding||c.*4432T>C|||||4283|,C|downstream_gene_variant|MODIFIER|dao-2|WBGene00000928|transcript|M03A1.7.1|protein_coding||c.*3451T>C|||||3355|,C|downstream_gene_variant|MODIFIER|M03A1.10|WBGene00198165|transcript|M03A1.10|lincRNA||n.*1808T>C|||||1808|,C|downstream_gene_variant|MODIFIER|M03A1.t1|WBGene00023112|transcript|M03A1.t1|protein_coding||c.*1441T>C|||||1441|WARNING_TRANSCRIPT_NO_START_CODON,C|downstream_gene_variant|MODIFIER|M03A1.11|WBGene00200106|transcript|M03A1.11|lincRNA||n.*1096T>C|||||1096|,C|downstream_gene_variant|MODIFIER|dao-2|WBGene00000928|transcript|M03A1.7.2|protein_coding||c.*3451T>C|||||3355|,C|intergenic_region|MODIFIER|M03A1.11-vab-1|WBGene00200106-WBGene00006868|intergenic_region|WBGene00200106-WBGene00006868|||n.4566901T>C||||||",GT:GQ:DP:AD:VAF:PL,.,.,.,.,.,.,.,.,.,.,.,.,.,.,"1/1:4:2:0,2:1:13,2,0"
chrII,6962570,.,C,T,43.3,PASS,"ANN=T|synonymous_variant|LOW|tra-2|WBGene00006605|transcript|C15F1.3a.1|protein_coding|14/23|c.2307G>A|p.Lys769Lys|2321/4659|2307/4428|769/1475||,T|synonymous_variant|LOW|tra-2|WBGene00006605|transcript|C15F1.3b.1|protein_coding|14/21|c.2307G>A|p.Lys769Lys|2321/3543|2307/3444|769/1147||,T|5_prime_UTR_variant|MODIFIER|tra-2|WBGene00006605|transcript|C15F1.3c.1|protein_coding|14/23|c.-958G>A|||||5599|,T|upstream_gene_variant|MODIFIER|tra-2|WBGene00006605|transcript|C15F1.3c.2|protein_coding||c.-3663G>A|||||3149|,T|downstream_gene_variant|MODIFIER|eif-2Bgamma|WBGene00004090|transcript|C15F1.4.1|protein_coding||c.*3329G>A|||||3230|",GT:GQ:DP:AD:VAF:PL,.,.,.,.,.,.,.,.,.,.,.,.,.,.,"1/1:24:9:0,9:1:43,23,0"
chrII,7631600,.,G,A,30.8,PASS,"ANN=A|upstream_gene_variant|MODIFIER|R153.9|WBGene00202383|transcript|R153.9|lincRNA||n.-1386G>A|||||1386|,A|upstream_gene_variant|MODIFIER|R153.5|WBGene00200555|transcript|R153.5|lincRNA||n.-3856G>A|||||3856|,A|intron_variant|MODIFIER|pde-4|WBGene00020114|transcript|R153.1d.1|protein_coding|4/10|c.724-577C>T||||||,A|intron_variant|MODIFIER|pde-4|WBGene00020114|transcript|R153.1g.1|protein_coding|6/12|c.721-577C>T||||||,A|intron_variant|MODIFIER|pde-4|WBGene00020114|transcript|R153.1h.1|protein_coding|6/12|c.574-577C>T||||||,A|intron_variant|MODIFIER|pde-4|WBGene00020114|transcript|R153.1a.1|protein_coding|4/10|c.349-577C>T||||||,A|intron_variant|MODIFIER|pde-4|WBGene00020114|transcript|R153.1e.1|protein_coding|6/12|c.538-577C>T||||||,A|intron_variant|MODIFIER|pde-4|WBGene00020114|transcript|R153.1c.1|protein_coding|5/11|c.499-577C>T||||||,A|intron_variant|MODIFIER|pde-4|WBGene00020114|transcript|R153.1b.1|protein_coding|6/12|c.580-577C>T||||||",GT:GQ:DP:AD:VAF:PL,.,.,.,.,.,.,.,.,.,.,.,.,.,.,"1/1:7:3:0,3:1:29,5,0"
chrII,8278445,.,G,A,37.3,PASS,"ANN=A|missense_variant|MODERATE|mrpl-10|WBGene00010458|transcript|K01C8.6.1|protein_coding|1/4|c.70C>T|p.Pro24Ser|71/845|70/720|24/239||,A|upstream_gene_variant|MODIFIER|gei-14|WBGene00001571|transcript|K01C8.5.1|protein_coding||c.-2311C>T|||||2214|,A|upstream_gene_variant|MODIFIER|clec-142|WBGene00010460|transcript|K01C8.8.1|protein_coding||c.-241G>A|||||241|,A|upstream_gene_variant|MODIFIER|gei-14|WBGene00001571|transcript|K01C8.5.2|protein_coding||c.-2426C>T|||||2422|,A|downstream_gene_variant|MODIFIER|tdc-1|WBGene00006562|transcript|K01C8.3b.1|protein_coding||c.*4904G>A|||||4834|,A|downstream_gene_variant|MODIFIER|slc-25A32|WBGene00010459|transcript|K01C8.7a.1|protein_coding||c.*1021G>A|||||834|,A|downstream_gene_variant|MODIFIER|nst-1|WBGene00003821|transcript|K01C8.9.1|protein_coding||c.*2837C>T|||||2717|,A|downstream_gene_variant|MODIFIER|slc-25A32|WBGene00010459|transcript|K01C8.7b.1|protein_coding||c.*1507G>A|||||1507|,A|downstream_gene_variant|MODIFIER|nst-1|WBGene00003821|transcript|K01C8.9.2|protein_coding||c.*2837C>T|||||2410|",GT:GQ:DP:AD:VAF:PL,.,.,.,.,.,.,.,.,.,.,.,.,.,.,"1/1:14:6:0,6:1:37,13,0"
chrII,8998932,.,G,A,34.4,PASS,"ANN=A|splice_acceptor_variant&intron_variant|HIGH|tdp-1|WBGene00006514|transcript|F44G4.4c.1|protein_coding|5/6|c.751-1G>A||||||,A|splice_acceptor_variant&intron_variant|HIGH|tdp-1|WBGene00006514|transcript|F44G4.4b|lincRNA|5/6|n.761-1G>A||||||,A|upstream_gene_variant|MODIFIER|F44G4.3|WBGene00009713|transcript|F44G4.3.1|protein_coding||c.-1390C>T|||||1270|,A|downstream_gene_variant|MODIFIER|ooc-5|WBGene00003870|transcript|C18E9.11b.1|protein_coding||c.*4547G>A|||||4399|,A|downstream_gene_variant|MODIFIER|F44G4.1|WBGene00009711|transcript|F44G4.1.1|protein_coding||c.*2839G>A|||||2663|,A|downstream_gene_variant|MODIFIER|F44G4.2|WBGene00009712|transcript|F44G4.2.1|protein_coding||c.*2033G>A|||||1895|,A|downstream_gene_variant|MODIFIER|F44G4.5|WBGene00009714|transcript|F44G4.5.1|protein_coding||c.*849C>T|||||795|,A|downstream_gene_variant|MODIFIER|F44G4.6|WBGene00009715|transcript|F44G4.6a.1|protein_coding||c.*2074C>T|||||1940|,A|downstream_gene_variant|MODIFIER|F44G4.7|WBGene00009716|transcript|F44G4.7.1|protein_coding||c.*3666C>T|||||3595|,A|downstream_gene_variant|MODIFIER|ooc-5|WBGene00003870|transcript|C18E9.11a.1|protein_coding||c.*4547G>A|||||4401|,A|downstream_gene_variant|MODIFIER|F44G4.6|WBGene00009715|transcript|F44G4.6b.1|protein_coding||c.*2074C>T|||||1940|,A|intron_variant|MODIFIER|tdp-1|WBGene00006514|transcript|F44G4.4a.1|protein_coding|5/6|c.751-10G>A||||||;LOF=(tdp-1|WBGene00006514|3|0.33)",GT:GQ:DP:AD:VAF:PL,.,.,.,.,.,.,.,.,.,.,.,.,.,.,"1/1:15:7:0,7:1:34,14,0"
chrII,9222055,.,G,A,35.4,PASS,"ANN=A|missense_variant|MODERATE|ZK1067.2|WBGene00014208|transcript|ZK1067.2b.1|protein_coding|19/21|c.6742G>A|p.Glu2248Lys|6786/7440|6742/7332|2248/2443||,A|missense_variant|MODERATE|ZK1067.2|WBGene00014208|transcript|ZK1067.2a.1|protein_coding|14/16|c.6049G>A|p.Glu2017Lys|6071/6725|6049/6639|2017/2212||,A|upstream_gene_variant|MODIFIER|ZK1067.3|WBGene00014209|transcript|ZK1067.3.1|protein_coding||c.-1220G>A|||||1214|,A|downstream_gene_variant|MODIFIER|abu-14|WBGene00004174|transcript|ZK1067.7.1|protein_coding||c.*3357C>T|||||3131|",GT:GQ:DP:AD:VAF:PL,.,.,.,.,.,.,.,.,.,.,.,.,.,.,"1/1:15:6:0,6:1:35,15,0"
chrII,9277239,.,C,T,38.4,PASS,"ANN=T|missense_variant|MODERATE|C01G6.5|WBGene00007227|transcript|C01G6.5.1|protein_coding|6/8|c.1501G>A|p.Asp501Asn|1559/3678|1501/2859|501/952||,T|upstream_gene_variant|MODIFIER|C01G6.4|WBGene00007226|transcript|C01G6.4.1|protein_coding||c.-4215G>A|||||4197|,T|upstream_gene_variant|MODIFIER|21ur-15523|WBGene00173957|transcript|C01G6.12|pseudogene||n.-737C>T|||||737|",GT:GQ:DP:AD:VAF:PL,.,.,.,.,.,.,.,.,.,.,.,.,.,.,"1/1:24:10:0,10:1:38,23,0"
chrII,9277462,.,C,T,40.8,PASS,"ANN=T|synonymous_variant|LOW|C01G6.5|WBGene00007227|transcript|C01G6.5.1|protein_coding|6/8|c.1278G>A|p.Glu426Glu|1336/3678|1278/2859|426/952||,T|upstream_gene_variant|MODIFIER|C01G6.4|WBGene00007226|transcript|C01G6.4.1|protein_coding||c.-4438G>A|||||4420|,T|upstream_gene_variant|MODIFIER|21ur-15523|WBGene00173957|transcript|C01G6.12|pseudogene||n.-514C>T|||||514|",GT:GQ:DP:AD:VAF:PL,.,.,.,.,.,.,.,.,.,.,.,.,.,.,"1/1:21:9:0,9:1:40,21,0"
chrII,9710488,.,C,T,35.3,PASS,"ANN=T|upstream_gene_variant|MODIFIER|Y53C12A.3|WBGene00013139|transcript|Y53C12A.3.1|protein_coding||c.-4250G>A|||||4248|,T|upstream_gene_variant|MODIFIER|glt-5|WBGene00001623|transcript|Y53C12A.2.1|protein_coding||c.-1608G>A|||||1603|,T|upstream_gene_variant|MODIFIER|Y53C12A.12|WBGene00195343|transcript|Y53C12A.12|lincRNA||n.-2735C>T|||||2735|,T|downstream_gene_variant|MODIFIER|Y53C12A.t1|WBGene00014588|transcript|Y53C12A.t1|protein_coding||c.*2736G>A|||||2736|WARNING_TRANSCRIPT_INCOMPLETE,T|downstream_gene_variant|MODIFIER|wee-1.3|WBGene00006940|transcript|Y53C12A.1.1|protein_coding||c.*3614G>A|||||3249|,T|intergenic_region|MODIFIER|glt-5-Y53C12A.12|WBGene00001623-WBGene00195343|intergenic_region|WBGene00001623-WBGene00195343|||n.9710488C>T||||||",GT:GQ:DP:AD:VAF:PL,.,.,.,.,.,.,.,.,.,.,.,.,.,.,"1/1:10:4:0,4:1:34,9,0"
chrII,9749068,.,C,T,35.9,PASS,"ANN=T|missense_variant|MODERATE|nos-3|WBGene00003785|transcript|Y53C12B.3b.1|protein_coding|5/7|c.1913C>T|p.Thr638Ile|1929/3201|1913/2616|638/871||,T|missense_variant|MODERATE|nos-3|WBGene00003785|transcript|Y53C12B.3a.1|protein_coding|6/8|c.1904C>T|p.Thr635Ile|2109/3403|1904/2604|635/867||,T|missense_variant|MODERATE|nos-3|WBGene00003785|transcript|Y53C12B.3a.2|protein_coding|5/7|c.1904C>T|p.Thr635Ile|1923/3217|1904/2604|635/867||,T|upstream_gene_variant|MODIFIER|Y53C12B.1|WBGene00013143|transcript|Y53C12B.1.1|protein_coding||c.-3001G>A|||||2994|,T|upstream_gene_variant|MODIFIER|ZK1321.1|WBGene00014260|transcript|ZK1321.1.1|protein_coding||c.-4962C>T|||||4962|,T|downstream_gene_variant|MODIFIER|Y53C12B.7|WBGene00013146|transcript|Y53C12B.7.1|protein_coding||c.*1443G>A|||||1374|",GT:GQ:DP:AD:VAF:PL,.,.,.,.,.,.,.,.,.,.,.,.,.,.,"1/1:15:6:0,6:1:35,14,0"
chrII,9905842,.,C,T,37.8,PASS,"ANN=T|synonymous_variant|LOW|F26C11.3|WBGene00009147|transcript|F26C11.3b.1|protein_coding|11/26|c.2148G>A|p.Thr716Thr|2148/3939|2148/3939|716/1312||,T|synonymous_variant|LOW|F26C11.3|WBGene00009147|transcript|F26C11.3f.1|protein_coding|11/26|c.2115G>A|p.Thr705Thr|2115/3906|2115/3906|705/1301||,T|synonymous_variant|LOW|F26C11.3|WBGene00009147|transcript|F26C11.3d.1|protein_coding|11/26|c.2142G>A|p.Thr714Thr|2142/3933|2142/3933|714/1310||,T|synonymous_variant|LOW|F26C11.3|WBGene00009147|transcript|F26C11.3c.1|protein_coding|11/26|c.2145G>A|p.Thr715Thr|2145/3936|2145/3936|715/1311||,T|synonymous_variant|LOW|F26C11.3|WBGene00009147|transcript|F26C11.3a.1|protein_coding|11/26|c.2055G>A|p.Thr685Thr|2055/3846|2055/3846|685/1281||,T|upstream_gene_variant|MODIFIER|F26C11.6|WBGene00196580|transcript|F26C11.6|lincRNA||n.-4520G>A|||||4520|,T|downstream_gene_variant|MODIFIER|F26C11.5|WBGene00195581|transcript|F26C11.5|lincRNA||n.*4520C>T|||||4520|,T|non_coding_transcript_exon_variant|MODIFIER|F26C11.3|WBGene00009147|transcript|F26C11.3e|lincRNA|11/26|n.2125G>A||||||",GT:GQ:DP:AD:VAF:PL,.,.,.,.,.,.,.,.,.,.,.,.,.,.,"1/1:14:6:0,6:1:37,14,0"
chrII,10097832,.,T,C,20.3,PASS,"ANN=C|missense_variant|MODERATE|lact-2|WBGene00014164|transcript|ZK945.1.1|protein_coding|4/5|c.613T>C|p.Ser205Pro|615/1520|613/1422|205/473||,C|upstream_gene_variant|MODIFIER|ZK945.15|WBGene00201704|transcript|ZK945.15|lincRNA||n.-347A>G|||||347|,C|upstream_gene_variant|MODIFIER|ZK945.13|WBGene00199363|transcript|ZK945.13|lincRNA||n.-2266T>C|||||2266|,C|upstream_gene_variant|MODIFIER|puf-12|WBGene00014165|transcript|ZK945.3.1|protein_coding||c.-2497T>C|||||2478|,C|downstream_gene_variant|MODIFIER|pas-7|WBGene00003928|transcript|ZK945.2.1|protein_coding||c.*1175A>G|||||950|,C|downstream_gene_variant|MODIFIER|ZK945.12|WBGene00199157|transcript|ZK945.12|lincRNA||n.*2131A>G|||||2131|,C|downstream_gene_variant|MODIFIER|pas-7|WBGene00003928|transcript|ZK945.2.2|protein_coding||c.*1175A>G|||||978|",GT:GQ:DP:AD:VAF:PL,.,.,.,.,.,.,.,.,.,.,.,.,.,.,"1/1:5:2:0,2:1:18,3,0"
chrII,10122829,.,C,T,43,PASS,"ANN=T|5_prime_UTR_premature_start_codon_gain_variant|LOW|F27E5.7|WBGene00044035|transcript|F27E5.7.1|protein_coding|1/3|c.-49C>T||||||,T|5_prime_UTR_variant|MODIFIER|F27E5.7|WBGene00044035|transcript|F27E5.7.1|protein_coding|1/3|c.-49C>T|||||49|,T|upstream_gene_variant|MODIFIER|lov-1|WBGene00003058|transcript|ZK945.9.1|protein_coding||c.-1004G>A|||||1004|,T|downstream_gene_variant|MODIFIER|F27E5.8|WBGene00044027|transcript|F27E5.8.1|protein_coding||c.*3069G>A|||||3069|",GT:GQ:DP:AD:VAF:PL,.,.,.,.,.,.,.,.,.,.,.,.,.,.,"1/1:28:13:0,13:1:43,28,0"
chrII,10132300,.,C,T,26.3,PASS,"ANN=T|upstream_gene_variant|MODIFIER|F27E5.8|WBGene00044027|transcript|F27E5.8.1|protein_coding||c.-4845G>A|||||4845|,T|upstream_gene_variant|MODIFIER|F27E5.5|WBGene00009194|transcript|F27E5.5.1|protein_coding||c.-476G>A|||||440|,T|upstream_gene_variant|MODIFIER|F27E5.9|WBGene00206354|transcript|F27E5.9.1|protein_coding||c.-2650C>T|||||2645|,T|intergenic_region|MODIFIER|F27E5.5-F27E5.9|WBGene00009194-WBGene00206354|intergenic_region|WBGene00009194-WBGene00206354|||n.10132300C>T||||||",GT:GQ:DP:AD:VAF:PL,.,.,.,.,.,.,.,.,.,.,.,.,.,.,"1/1:10:5:0,5:1:25,9,0"
chrII,10294222,.,C,T,35.2,PASS,"ANN=T|intron_variant|MODIFIER|anr-52|WBGene00219642|transcript|ZK970.12|pseudogene|1/1|n.101+30C>T||||||,T|intron_variant|MODIFIER|nep-26|WBGene00014171|transcript|ZK970.1a.1|protein_coding|2/13|c.3+1470G>A||||||",GT:GQ:DP:AD:VAF:PL,.,.,.,.,.,.,.,.,.,.,.,.,.,.,"1/1:14:6:0,6:1:35,13,0"
chrII,10314117,.,C,T,38.2,PASS,"ANN=T|missense_variant|MODERATE|gcy-5|WBGene00001532|transcript|ZK970.6.1|protein_coding|8/14|c.1225G>A|p.Gly409Ser|1225/3369|1225/3369|409/1122||,T|upstream_gene_variant|MODIFIER|21ur-14772|WBGene00167689|transcript|ZK970.9|pseudogene||n.-4842G>A|||||4842|,T|upstream_gene_variant|MODIFIER|M02G9.4|WBGene00194935|transcript|M02G9.4a.1|protein_coding||c.-3195C>T|||||3180|,T|upstream_gene_variant|MODIFIER|M02G9.3|WBGene00010832|transcript|M02G9.3.1|protein_coding||c.-4178C>T|||||4111|,T|upstream_gene_variant|MODIFIER|M02G9.4|WBGene00194935|transcript|M02G9.4b.1|protein_coding||c.-3195C>T|||||3195|,T|downstream_gene_variant|MODIFIER|ZK970.8|WBGene00014174|transcript|ZK970.8.1|protein_coding||c.*4049C>T|||||4049|,T|downstream_gene_variant|MODIFIER|ZK970.7|WBGene00014173|transcript|ZK970.7.1|protein_coding||c.*1268C>T|||||1174|",GT:GQ:DP:AD:VAF:PL,.,.,.,.,.,.,.,.,.,.,.,.,.,.,"1/1:22:9:0,9:1:38,22,0"
chrII,10585157,.,C,T,38.8,PASS,"ANN=T|synonymous_variant|LOW|algn-9|WBGene00007556|transcript|C14A4.3.1|protein_coding|2/6|c.171C>T|p.Phe57Phe|179/2016|171/1812|57/603||,T|upstream_gene_variant|MODIFIER|crn-3|WBGene00000796|transcript|C14A4.4a.1|protein_coding||c.-2886C>T|||||2885|,T|upstream_gene_variant|MODIFIER|crn-3|WBGene00000796|transcript|C14A4.4b.1|protein_coding||c.-2904C>T|||||2885|,T|downstream_gene_variant|MODIFIER|dohh-1|WBGene00007555|transcript|C14A4.1.1|protein_coding||c.*4189C>T|||||4112|,T|downstream_gene_variant|MODIFIER|dap-3|WBGene00000933|transcript|C14A4.2.1|protein_coding||c.*2751C>T|||||2638|,T|downstream_gene_variant|MODIFIER|mrps-22|WBGene00007564|transcript|C14A4.14.1|protein_coding||c.*1081C>T|||||921|",GT:GQ:DP:AD:VAF:PL,.,.,.,.,.,.,.,.,.,.,.,.,.,.,"1/1:14:6:0,6:1:38,13,0"
chrII,10683198,.,C,T,28.6,PASS,"ANN=T|upstream_gene_variant|MODIFIER|ptb-1|WBGene00004207|transcript|D2089.4b.2|protein_coding||c.-3272C>T|||||3126|,T|upstream_gene_variant|MODIFIER|ptb-1|WBGene00004207|transcript|D2089.4b.1|protein_coding||c.-3272C>T|||||3157|,T|downstream_gene_variant|MODIFIER|D2089.7|WBGene00200494|transcript|D2089.7|lincRNA||n.*3374G>A|||||3374|,T|intron_variant|MODIFIER|ptb-1|WBGene00004207|transcript|D2089.4a.1|protein_coding|6/13|c.630+3379C>T||||||",GT:GQ:DP:AD:VAF:PL,.,.,.,.,.,.,.,.,.,.,.,.,.,.,"1/1:8:4:0,4:1:27,7,0"
chrII,10887942,.,C,T,7.3,PASS,"ANN=T|upstream_gene_variant|MODIFIER|egg-3|WBGene00009701|transcript|F44F4.2.1|protein_coding||c.-3502G>A|||||3501|,T|upstream_gene_variant|MODIFIER|F44F4.3|WBGene00009702|transcript|F44F4.3.1|protein_coding||c.-2064G>A|||||2064|,T|upstream_gene_variant|MODIFIER|ptr-8|WBGene00004222|transcript|F44F4.4.1|protein_coding||c.-1343C>T|||||1337|,T|upstream_gene_variant|MODIFIER|egg-3|WBGene00009701|transcript|F44F4.2.2|protein_coding||c.-3502G>A|||||3480|,T|downstream_gene_variant|MODIFIER|21ur-13748|WBGene00169648|transcript|F44F4.14|pseudogene||n.*1828C>T|||||1828|,T|intergenic_region|MODIFIER|21ur-13748-ptr-8|WBGene00169648-WBGene00004222|intergenic_region|WBGene00169648-WBGene00004222|||n.10887942C>T||||||",GT:GQ:DP:AD:VAF:PL,.,.,.,.,.,.,.,.,.,.,.,.,.,.,"1/1:3:2:0,2:1:4,2,0"
chrII,11126707,.,C,T,37.8,PASS,"ANN=T|upstream_gene_variant|MODIFIER|W10C6.2|WBGene00044160|transcript|W10C6.2.1|protein_coding||c.-4807G>A|||||4807|,T|upstream_gene_variant|MODIFIER|rps-9|WBGene00004478|transcript|F40F8.10.1|protein_coding||c.-354G>A|||||345|,T|upstream_gene_variant|MODIFIER|lsm-1|WBGene00003076|transcript|F40F8.9.1|protein_coding||c.-246C>T|||||243|,T|upstream_gene_variant|MODIFIER|F40F8.1|WBGene00009575|transcript|F40F8.1b.1|protein_coding||c.-957C>T|||||929|,T|upstream_gene_variant|MODIFIER|F40F8.3|WBGene00009576|transcript|F40F8.3.1|protein_coding||c.-2582C>T|||||2582|,T|upstream_gene_variant|MODIFIER|F40F8.12|WBGene00044917|transcript|F40F8.12.1|protein_coding||c.-3573C>T|||||3568|,T|upstream_gene_variant|MODIFIER|lsm-1|WBGene00003076|transcript|F40F8.9.2|protein_coding||c.-246C>T|||||225|,T|upstream_gene_variant|MODIFIER|F40F8.1|WBGene00009575|transcript|F40F8.1a.1|protein_coding||c.-1173C>T|||||927|,T|upstream_gene_variant|MODIFIER|F40F8.1|WBGene00009575|transcript|F40F8.1a.2|protein_coding||c.-1182C>T|||||927|,T|upstream_gene_variant|MODIFIER|F40F8.1|WBGene00009575|transcript|F40F8.1a.3|protein_coding||c.-1235C>T|||||938|,T|upstream_gene_variant|MODIFIER|F40F8.1|WBGene00009575|transcript|F40F8.1c|lincRNA||n.-957C>T|||||957|,T|upstream_gene_variant|MODIFIER|F40F8.1|WBGene00009575|transcript|F40F8.1a.4|protein_coding||c.-1277C>T|||||1003|,T|downstream_gene_variant|MODIFIER|F40F8.11|WBGene00044916|transcript|F40F8.11a.1|protein_coding||c.*4141G>A|||||3983|,T|downstream_gene_variant|MODIFIER|F40F8.11|WBGene00044916|transcript|F40F8.11b.1|protein_coding||c.*4141G>A|||||3983|,T|downstream_gene_variant|MODIFIER|F40F8.11|WBGene00044916|transcript|F40F8.11a.2|protein_coding||c.*4141G>A|||||3983|,T|downstream_gene_variant|MODIFIER|F40F8.11|WBGene00044916|transcript|F40F8.11b.3|protein_coding||c.*4141G>A|||||3990|,T|downstream_gene_variant|MODIFIER|F40F8.11|WBGene00044916|transcript|F40F8.11b.2|protein_coding||c.*4141G>A|||||3990|,T|intergenic_region|MODIFIER|rps-9-lsm-1|WBGene00004478-WBGene00003076|intergenic_region|WBGene00004478-WBGene00003076|||n.11126707C>T||||||",GT:GQ:DP:AD:VAF:PL,.,.,.,.,.,.,.,.,.,.,.,.,.,.,"1/1:16:7:0,7:1:37,15,0"
chrII,11260168,.,C,T,16.8,PASS,"ANN=T|3_prime_UTR_variant|MODIFIER|T05B9.1|WBGene00011464|transcript|T05B9.1.1|protein_coding|3/3|c.*133G>A|||||133|,T|3_prime_UTR_variant|MODIFIER|T05B9.1|WBGene00011464|transcript|T05B9.1.2|protein_coding|3/3|c.*133G>A|||||133|,T|upstream_gene_variant|MODIFIER|T05B9.3|WBGene00200946|transcript|T05B9.3|lincRNA||n.-4309G>A|||||4309|,T|downstream_gene_variant|MODIFIER|T05B9.2|WBGene00011465|transcript|T05B9.2b.1|protein_coding||c.*1915C>T|||||1662|,T|downstream_gene_variant|MODIFIER|T05B9.2|WBGene00011465|transcript|T05B9.2c.1|protein_coding||c.*1915C>T|||||1662|,T|downstream_gene_variant|MODIFIER|T05B9.2|WBGene00011465|transcript|T05B9.2a.1|protein_coding||c.*1915C>T|||||1662|,T|downstream_gene_variant|MODIFIER|T05B9.2|WBGene00011465|transcript|T05B9.2d.1|protein_coding||c.*1915C>T|||||1662|",GT:GQ:DP:AD:VAF:PL,.,.,.,.,.,.,.,.,.,.,.,.,.,.,"1/1:5:3:0,3:1:15,3,0"
chrII,11284492,.,C,T,37.3,PASS,"ANN=T|upstream_gene_variant|MODIFIER|C47G2.14|WBGene00197136|transcript|C47G2.14|lincRNA||n.-951C>T|||||951|,T|upstream_gene_variant|MODIFIER|C47G2.22|WBGene00202430|transcript|C47G2.22|lincRNA||n.-2182C>T|||||2182|,T|downstream_gene_variant|MODIFIER|unc-130|WBGene00006853|transcript|C47G2.2.1|protein_coding||c.*822C>T|||||539|,T|downstream_gene_variant|MODIFIER|C47G2.19|WBGene00201624|transcript|C47G2.19|lincRNA||n.*2035G>A|||||2035|,T|downstream_gene_variant|MODIFIER|C47G2.13|WBGene00196949|transcript|C47G2.13|lincRNA||n.*3908G>A|||||3908|,T|downstream_gene_variant|MODIFIER|C47G2.3|WBGene00008164|transcript|C47G2.3.1|protein_coding||c.*4314G>A|||||4198|,T|intergenic_region|MODIFIER|unc-130-C47G2.14|WBGene00006853-WBGene00197136|intergenic_region|WBGene00006853-WBGene00197136|||n.11284492C>T||||||",GT:GQ:DP:AD:VAF:PL,.,.,.,.,.,.,.,.,.,.,.,.,.,.,"1/1:14:6:0,6:1:37,14,0"
chrII,11452703,.,C,T,38.4,PASS,"ANN=T|missense_variant|MODERATE|rsp-2|WBGene00004699|transcript|W02B12.2.1|protein_coding|2/5|c.191G>A|p.Arg64Lys|201/1075|191/846|64/281||,T|upstream_gene_variant|MODIFIER|rsp-1|WBGene00004698|transcript|W02B12.3a.1|protein_coding||c.-1278C>T|||||1277|,T|upstream_gene_variant|MODIFIER|rsp-1|WBGene00004698|transcript|W02B12.3d|lincRNA||n.-659C>T|||||659|,T|upstream_gene_variant|MODIFIER|rsp-1|WBGene00004698|transcript|W02B12.3b.1|protein_coding||c.-1278C>T|||||1277|,T|upstream_gene_variant|MODIFIER|rsp-1|WBGene00004698|transcript|W02B12.3b.2|protein_coding||c.-1278C>T|||||1277|,T|upstream_gene_variant|MODIFIER|rsp-1|WBGene00004698|transcript|W02B12.3c.1|protein_coding||c.-2216C>T|||||2216|,T|downstream_gene_variant|MODIFIER|W02B12.13|WBGene00043534|transcript|W02B12.13a.1|protein_coding||c.*3869C>T|||||3808|,T|downstream_gene_variant|MODIFIER|W02B12.1|WBGene00012201|transcript|W02B12.1.1|protein_coding||c.*1339C>T|||||1258|,T|downstream_gene_variant|MODIFIER|W02B12.4|WBGene00012202|transcript|W02B12.4.1|protein_coding||c.*3103G>A|||||3056|,T|downstream_gene_variant|MODIFIER|W02B12.13|WBGene00043534|transcript|W02B12.13b.1|protein_coding||c.*3886C>T|||||3886|",GT:GQ:DP:AD:VAF:PL,.,.,.,.,.,.,.,.,.,.,.,.,.,.,"1/1:15:7:0,7:1:38,14,0"
chrII,11454620,.,T,C,12.6,PASS,"ANN=C|upstream_gene_variant|MODIFIER|rsp-2|WBGene00004699|transcript|W02B12.2.1|protein_coding||c.-1675A>G|||||1665|,C|upstream_gene_variant|MODIFIER|rsp-1|WBGene00004698|transcript|W02B12.3c.1|protein_coding||c.-299T>C|||||299|,C|downstream_gene_variant|MODIFIER|W02B12.1|WBGene00012201|transcript|W02B12.1.1|protein_coding||c.*3256T>C|||||3175|,C|downstream_gene_variant|MODIFIER|W02B12.4|WBGene00012202|transcript|W02B12.4.1|protein_coding||c.*1186A>G|||||1139|,C|intron_variant|MODIFIER|rsp-1|WBGene00004698|transcript|W02B12.3a.1|protein_coding|3/5|c.429+107T>C||||||,C|intron_variant|MODIFIER|rsp-1|WBGene00004698|transcript|W02B12.3b.1|protein_coding|3/3|c.430-22T>C||||||,C|intron_variant|MODIFIER|rsp-1|WBGene00004698|transcript|W02B12.3b.2|protein_coding|3/4|c.430-22T>C||||||,C|non_coding_transcript_exon_variant|MODIFIER|rsp-1|WBGene00004698|transcript|W02B12.3d|lincRNA|3/5|n.1155T>C||||||",GT:GQ:DP:AD:VAF:PL,.,.,.,.,.,.,.,.,.,.,.,.,.,.,"1/1:4:2:0,2:1:10,2,0"
chrII,11621075,.,C,T,29.8,PASS,"ANN=T|upstream_gene_variant|MODIFIER|din-1|WBGene00008549|transcript|F07A11.6g.1|protein_coding||c.-3956G>A|||||3827|,T|upstream_gene_variant|MODIFIER|din-1|WBGene00008549|transcript|F07A11.6d.1|protein_coding||c.-1929G>A|||||1920|,T|upstream_gene_variant|MODIFIER|din-1|WBGene00008549|transcript|F07A11.6g.2|protein_coding||c.-3956G>A|||||3827|,T|upstream_gene_variant|MODIFIER|din-1|WBGene00008549|transcript|F07A11.6d.2|protein_coding||c.-1929G>A|||||997|,T|downstream_gene_variant|MODIFIER|F07A11.12|WBGene00199740|transcript|F07A11.12|lincRNA||n.*3192C>T|||||3192|,T|downstream_gene_variant|MODIFIER|F07A11.10|WBGene00198431|transcript|F07A11.10|lincRNA||n.*860C>T|||||860|,T|downstream_gene_variant|MODIFIER|F07A11.15|WBGene00219879|transcript|F07A11.15|snoRNA||n.*780C>T|||||780|,T|intron_variant|MODIFIER|din-1|WBGene00008549|transcript|F07A11.6b.1|protein_coding|17/21|c.6654+57G>A||||||,T|intron_variant|MODIFIER|din-1|WBGene00008549|transcript|F07A11.6f.1|protein_coding|12/16|c.5475+57G>A||||||,T|intron_variant|MODIFIER|din-1|WBGene00008549|transcript|F07A11.6e.1|protein_coding|14/18|c.5736+57G>A||||||,T|intron_variant|MODIFIER|din-1|WBGene00008549|transcript|F07A11.6c.1|protein_coding|18/22|c.6609+57G>A||||||,T|intron_variant|MODIFIER|din-1|WBGene00008549|transcript|F07A11.6a.1|protein_coding|16/20|c.6066+57G>A||||||",GT:GQ:DP:AD:VAF:PL,.,.,.,.,.,.,.,.,.,.,.,.,.,.,"1/1:22:10:0,10:1:29,22,0"
chrII,11668697,.,C,T,27.7,PASS,"ANN=T|synonymous_variant|LOW|trr-1|WBGene00007028|transcript|C47D12.1a.1|protein_coding|11/22|c.6408G>A|p.Lys2136Lys|6479/12481|6408/12195|2136/4064||,T|synonymous_variant|LOW|trr-1|WBGene00007028|transcript|C47D12.1b.1|protein_coding|11/22|c.6408G>A|p.Lys2136Lys|6479/12474|6408/12186|2136/4061||,T|synonymous_variant|LOW|trr-1|WBGene00007028|transcript|C47D12.1c.1|protein_coding|11/22|c.6390G>A|p.Lys2130Lys|6461/12448|6390/12162|2130/4053||",GT:GQ:DP:AD:VAF:PL,.,.,.,.,.,.,.,.,.,.,.,.,.,.,"1/1:6:3:0,3:1:26,5,0"
chrII,11748963,.,C,T,42.4,PASS,"ANN=T|upstream_gene_variant|MODIFIER|gpb-1|WBGene00001679|transcript|F13D12.7a.1|protein_coding||c.-609G>A|||||360|,T|upstream_gene_variant|MODIFIER|F44E5.17|WBGene00303054|transcript|F44E5.17.1|protein_coding||c.-369G>A|||||369|,T|upstream_gene_variant|MODIFIER|F44E5.9|WBGene00198546|transcript|F44E5.9|lincRNA||n.-4086C>T|||||4086|,T|upstream_gene_variant|MODIFIER|F44E5.7|WBGene00196930|transcript|F44E5.7|lincRNA||n.-4363C>T|||||4363|,T|upstream_gene_variant|MODIFIER|F44E5.6|WBGene00196119|transcript|F44E5.6|lincRNA||n.-4730C>T|||||4730|,T|upstream_gene_variant|MODIFIER|gpb-1|WBGene00001679|transcript|F13D12.7a.2|protein_coding||c.-1316G>A|||||1152|,T|upstream_gene_variant|MODIFIER|gpb-1|WBGene00001679|transcript|F13D12.7b.1|protein_coding||c.-4345G>A|||||4303|,T|downstream_gene_variant|MODIFIER|F13D12.11|WBGene00195700|transcript|F13D12.11|lincRNA||n.*1903C>T|||||1903|,T|downstream_gene_variant|MODIFIER|F44E5.14|WBGene00201752|transcript|F44E5.14|lincRNA||n.*533G>A|||||533|,T|downstream_gene_variant|MODIFIER|F44E5.13|WBGene00201438|transcript|F44E5.13|lincRNA||n.*3069G>A|||||3069|,T|downstream_gene_variant|MODIFIER|F44E5.10|WBGene00199360|transcript|F44E5.10|lincRNA||n.*3872G>A|||||3872|,T|downstream_gene_variant|MODIFIER|F44E5.8|WBGene00197701|transcript|F44E5.8|lincRNA||n.*4305G>A|||||4305|,T|intergenic_region|MODIFIER|gpb-1-F44E5.14|WBGene00001679-WBGene00201752|intergenic_region|WBGene00001679-WBGene00201752|||n.11748963C>T||||||",GT:GQ:DP:AD:VAF:PL,.,.,.,.,.,.,.,.,.,.,.,.,.,.,"1/1:18:7:0,7:1:42,17,0"
chrII,12095566,.,C,CAT,22.2,PASS,"ANN=CAT|intron_variant|MODIFIER|Y17G7B.17|WBGene00012468|transcript|Y17G7B.17.1|protein_coding|4/5|c.542-1690_542-1689dupAT||||||,CAT|intron_variant|MODIFIER|Y17G7B.17|WBGene00012468|transcript|Y17G7B.17.2|protein_coding|4/7|c.542-1690_542-1689dupAT||||||",GT:GQ:DP:AD:VAF:PL,.,.,.,.,.,.,.,.,.,.,.,.,.,.,"1/1:3:5:2,2:0.4:19,0,0"
chrII,12175127,.,C,T,27.1,PASS,"ANN=T|synonymous_variant|LOW|rol-1|WBGene00004394|transcript|Y57A10A.11.1|protein_coding|5/5|c.498C>T|p.Thr166Thr|527/1469|498/1377|166/458||,T|upstream_gene_variant|MODIFIER|anr-2|WBGene00219623|transcript|Y57A10A.43|pseudogene||n.-3343C>T|||||3343|,T|downstream_gene_variant|MODIFIER|Y57A10A.8|WBGene00013253|transcript|Y57A10A.8.1|protein_coding||c.*4489C>T|||||4365|,T|downstream_gene_variant|MODIFIER|Y57A10A.13|WBGene00013256|transcript|Y57A10A.13.1|protein_coding||c.*1993G>A|||||1753|",GT:GQ:DP:AD:VAF:PL,.,.,.,.,.,.,.,.,.,.,.,.,.,.,"1/1:7:3:0,3:1:26,5,0"
chrII,12447705,.,G,A,42.3,PASS,"ANN=A|upstream_gene_variant|MODIFIER|W05H5.10|WBGene00206394|transcript|W05H5.10|pseudogene||n.-4924C>T|||||4924|,A|upstream_gene_variant|MODIFIER|W05H5.1|WBGene00012283|transcript|W05H5.1.1|protein_coding||c.-2926C>T|||||2926|,A|upstream_gene_variant|MODIFIER|W05H5.9|WBGene00199286|transcript|W05H5.9|lincRNA||n.-1589C>T|||||1589|,A|upstream_gene_variant|MODIFIER|srh-27|WBGene00005250|transcript|W05H5.4.1|protein_coding||c.-836G>A|||||836|,A|upstream_gene_variant|MODIFIER|sre-34|WBGene00043058|transcript|W05H5.8.1|protein_coding||c.-2444G>A|||||2444|,A|downstream_gene_variant|MODIFIER|sre-35|WBGene00012286|transcript|W05H5.5.1|protein_coding||c.*3888C>T|||||3888|,A|intron_variant|MODIFIER|pitr-6|WBGene00012285|transcript|W05H5.3.1|protein_coding|8/8|c.1409-15G>A||||||",GT:GQ:DP:AD:VAF:PL,.,.,.,.,.,.,.,.,.,.,.,.,.,.,"1/1:17:7:0,7:1:42,17,0"
chrII,12608481,.,C,T,23.7,PASS,"ANN=T|upstream_gene_variant|MODIFIER|ceh-100|WBGene00012584|transcript|Y38E10A.6b.1|protein_coding||c.-4801G>A|||||4801|,T|upstream_gene_variant|MODIFIER|Y38E10A.9|WBGene00012587|transcript|Y38E10A.9.1|protein_coding||c.-476C>T|||||472|,T|upstream_gene_variant|MODIFIER|ceh-100|WBGene00012584|transcript|Y38E10A.6a.1|protein_coding||c.-4801G>A|||||4801|,T|downstream_gene_variant|MODIFIER|lips-15|WBGene00012585|transcript|Y38E10A.7.1|protein_coding||c.*1490C>T|||||1454|,T|downstream_gene_variant|MODIFIER|lips-16|WBGene00012588|transcript|Y38E10A.10|pseudogene||n.*1832G>A|||||1832|,T|intron_variant|MODIFIER|Y38E10A.8|WBGene00012586|transcript|Y38E10A.8.1|protein_coding|3/3|c.784-112C>T||||||",GT:GQ:DP:AD:VAF:PL,.,.,.,.,.,.,.,.,.,.,.,.,.,.,"1/1:6:2:0,2:1:22,4,0"
chrII,12610996,.,C,T,21,PASS,"ANN=T|upstream_gene_variant|MODIFIER|nspe-4|WBGene00012589|transcript|Y38E10A.11.1|protein_coding||c.-2670C>T|||||2568|,T|downstream_gene_variant|MODIFIER|lips-15|WBGene00012585|transcript|Y38E10A.7.1|protein_coding||c.*4005C>T|||||3969|,T|downstream_gene_variant|MODIFIER|Y38E10A.8|WBGene00012586|transcript|Y38E10A.8.1|protein_coding||c.*2317C>T|||||2208|,T|downstream_gene_variant|MODIFIER|Y38E10A.9|WBGene00012587|transcript|Y38E10A.9.1|protein_coding||c.*1400C>T|||||1366|,T|downstream_gene_variant|MODIFIER|nspe-6|WBGene00012603|transcript|Y38E10A.25.1|protein_coding||c.*4901G>A|||||4901|,T|non_coding_transcript_exon_variant|MODIFIER|lips-16|WBGene00012588|transcript|Y38E10A.10|pseudogene|2/5|n.635G>A||||||",GT:GQ:DP:AD:VAF:PL,.,.,.,.,.,.,.,.,.,.,.,.,.,.,"1/1:5:2:0,2:1:19,3,0"
chrII,12781547,.,C,CT,7.1,PASS,"ANN=CT|splice_region_variant&intron_variant|LOW|Y46G5A.34|WBGene00012919|transcript|Y46G5A.34.1|protein_coding|2/2|c.224-5dupT||||||INFO_REALIGN_3_PRIME,CT|splice_region_variant&intron_variant|LOW|Y46G5A.34|WBGene00012919|transcript|Y46G5A.34.2|protein_coding|2/2|c.224-5dupT||||||INFO_REALIGN_3_PRIME,CT|splice_region_variant&intron_variant|LOW|Y46G5A.34|WBGene00012919|transcript|Y46G5A.34.3|protein_coding|1/1|c.224-5dupT||||||INFO_REALIGN_3_PRIME,CT|downstream_gene_variant|MODIFIER|Y46G5A.15|WBGene00012906|transcript|Y46G5A.15.1|protein_coding||c.*1472dupA|||||1203|,CT|downstream_gene_variant|MODIFIER|alkb-7|WBGene00012920|transcript|Y46G5A.35.1|protein_coding||c.*4834dupA|||||4774|",GT:GQ:DP:AD:VAF:PL,.,.,.,.,.,.,.,.,.,.,.,.,.,.,"1/1:5:2:0,2:1:5,8,0"
chrII,12978665,.,G,A,37.4,PASS,"ANN=A|upstream_gene_variant|MODIFIER|cyd-1|WBGene00000870|transcript|Y38F1A.5.2|protein_coding||c.-2157G>A|||||1926|,A|downstream_gene_variant|MODIFIER|ptr-18|WBGene00004232|transcript|Y38F1A.3.1|protein_coding||c.*772G>A|||||497|,A|intergenic_region|MODIFIER|ptr-18-cyd-1|WBGene00004232-WBGene00000870|intergenic_region|WBGene00004232-WBGene00000870|||n.12978665G>A||||||",GT:GQ:DP:AD:VAF:PL,.,.,.,.,.,.,.,.,.,.,.,.,.,.,"1/1:16:6:0,6:1:37,15,0"
chrII,13291906,.,TG,T,7.8,PASS,"ANN=T|intron_variant|MODIFIER|Y48C3A.5|WBGene00012989|transcript|Y48C3A.5b.1|protein_coding|4/11|c.640-7787delG||||||INFO_REALIGN_3_PRIME,T|intron_variant|MODIFIER|Y48C3A.5|WBGene00012989|transcript|Y48C3A.5a.1|protein_coding|4/9|c.640-7787delG||||||INFO_REALIGN_3_PRIME,T|intron_variant|MODIFIER|Y48C3A.5|WBGene00012989|transcript|Y48C3A.5c.1|protein_coding|3/8|c.-36-7787delG||||||INFO_REALIGN_3_PRIME",GT:GQ:DP:AD:VAF:PL,.,.,.,.,.,.,.,.,.,.,.,.,.,.,"1/1:3:2:0,2:1:5,2,0"
chrII,13301569,.,C,A,40.7,PASS,"ANN=A|intron_variant|MODIFIER|Y48C3A.5|WBGene00012989|transcript|Y48C3A.5b.1|protein_coding|6/11|c.1326-110C>A||||||,A|intron_variant|MODIFIER|Y48C3A.5|WBGene00012989|transcript|Y48C3A.5a.1|protein_coding|6/9|c.1325+472C>A||||||,A|intron_variant|MODIFIER|Y48C3A.5|WBGene00012989|transcript|Y48C3A.5c.1|protein_coding|5/8|c.650+472C>A||||||",GT:GQ:DP:AD:VAF:PL,.,.,.,.,.,.,.,.,.,.,.,.,.,.,"1/1:16:7:0,7:1:40,15,0"
chrII,13406405,.,G,A,37.3,PASS,"ANN=A|synonymous_variant|LOW|efl-2|WBGene00001162|transcript|Y48C3A.17a.1|protein_coding|1/6|c.246G>A|p.Glu82Glu|246/1239|246/1239|82/412||,A|synonymous_variant|LOW|efl-2|WBGene00001162|transcript|Y48C3A.17b.1|protein_coding|1/4|c.246G>A|p.Glu82Glu|246/912|246/855|82/284||,A|synonymous_variant|LOW|efl-2|WBGene00001162|transcript|Y48C3A.17c.1|protein_coding|1/5|c.246G>A|p.Glu82Glu|246/1199|246/999|82/332||,A|synonymous_variant|LOW|efl-2|WBGene00001162|transcript|Y48C3A.17d.1|protein_coding|1/5|c.246G>A|p.Glu82Glu|246/1280|246/1077|82/358||,A|downstream_gene_variant|MODIFIER|Y48C3A.14|WBGene00012995|transcript|Y48C3A.14a.1|protein_coding||c.*4591G>A|||||4413|,A|downstream_gene_variant|MODIFIER|pinn-4|WBGene00012996|transcript|Y48C3A.16.1|protein_coding||c.*1852G>A|||||1776|,A|downstream_gene_variant|MODIFIER|Y48C3A.14|WBGene00012995|transcript|Y48C3A.14c.1|protein_coding||c.*4591G>A|||||4413|,A|downstream_gene_variant|MODIFIER|Y48C3A.14|WBGene00012995|transcript|Y48C3A.14b.1|protein_coding||c.*4591G>A|||||4413|,A|downstream_gene_variant|MODIFIER|Y48C3A.14|WBGene00012995|transcript|Y48C3A.14d.1|protein_coding||c.*4591G>A|||||4413|",GT:GQ:DP:AD:VAF:PL,.,.,.,.,.,.,.,.,.,.,.,.,.,.,"1/1:17:8:0,8:1:37,17,0"
chrII,13494542,.,G,A,21.5,PASS,"ANN=A|missense_variant|MODERATE|F45H10.3|WBGene00009740|transcript|F45H10.3.1|protein_coding|1/3|c.52C>T|p.Pro18Ser|59/584|52/507|18/168||,A|upstream_gene_variant|MODIFIER|alh-7|WBGene00000113|transcript|F45H10.1a.1|protein_coding||c.-2768C>T|||||2756|,A|upstream_gene_variant|MODIFIER|F45H10.2|WBGene00009739|transcript|F45H10.2.1|protein_coding||c.-1500C>T|||||1494|,A|upstream_gene_variant|MODIFIER|alh-7|WBGene00000113|transcript|F45H10.1a.2|protein_coding||c.-2768C>T|||||2756|,A|upstream_gene_variant|MODIFIER|F45H10.2|WBGene00009739|transcript|F45H10.2.3|protein_coding||c.-1500C>T|||||1494|,A|upstream_gene_variant|MODIFIER|F45H10.2|WBGene00009739|transcript|F45H10.2.2|protein_coding||c.-1500C>T|||||1492|,A|downstream_gene_variant|MODIFIER|drr-1|WBGene00009741|transcript|F45H10.4.1|protein_coding||c.*574C>T|||||508|",GT:GQ:DP:AD:VAF:PL,.,.,.,.,.,.,.,.,.,.,.,.,.,.,"1/1:5:2:0,2:1:19,3,0"
chrII,13801218,.,A,T,18.7,PASS,ANN=T|intron_variant|MODIFIER|ZK131.11|WBGene00013934|transcript|ZK131.11b.1|protein_coding|2/7|c.147-822A>T||||||,GT:GQ:DP:AD:VAF:PL,.,.,.,.,.,.,.,.,.,.,.,.,.,.,"1/1:12:5:0,5:1:18,13,0"
chrII,13840173,.,G,A,13.9,PASS,"ANN=A|upstream_gene_variant|MODIFIER|ins-37|WBGene00002120|transcript|F08G2.6.1|protein_coding||c.-4512C>T|||||4464|,A|upstream_gene_variant|MODIFIER|F08G2.9|WBGene00014310|transcript|F08G2.9|snRNA||n.-4052C>T|||||4052|,A|downstream_gene_variant|MODIFIER|F08G2.17|WBGene00199695|transcript|F08G2.17|lincRNA||n.*4051G>A|||||4051|,A|intron_variant|MODIFIER|F08G2.7|WBGene00008578|transcript|F08G2.7.1|protein_coding|1/4|c.76-293C>T||||||",GT:GQ:DP:AD:VAF:PL,.,.,.,.,.,.,.,.,.,.,.,.,.,.,"1/1:7:2:0,2:1:12,6,0"
chrII,14548676,.,G,A,42.4,PASS,"ANN=A|upstream_gene_variant|MODIFIER|nlp-41|WBGene00007316|transcript|C04H5.8a.1|protein_coding||c.-2265G>A|||||2237|,A|upstream_gene_variant|MODIFIER|nlp-41|WBGene00007316|transcript|C04H5.8b.1|protein_coding||c.-3620G>A|||||3620|,A|downstream_gene_variant|MODIFIER|mog-4|WBGene00003392|transcript|C04H5.6a.1|protein_coding||c.*3998C>T|||||3825|,A|downstream_gene_variant|MODIFIER|mog-4|WBGene00003392|transcript|C04H5.6b.1|protein_coding||c.*3998C>T|||||3851|,A|intron_variant|MODIFIER|gcy-29|WBGene00007314|transcript|C04H5.3.1|protein_coding|1/16|c.84+15C>T||||||",GT:GQ:DP:AD:VAF:PL,.,.,.,.,.,.,.,.,.,.,.,.,.,.,"1/1:39:18:0,18:1:42,42,0"
chrII,14625250,.,G,A,16.5,PASS,"ANN=A|missense_variant|MODERATE|mltn-10|WBGene00008965|transcript|F19H8.5.1|protein_coding|9/10|c.1223G>A|p.Gly408Glu|1223/1824|1223/1824|408/607||,A|upstream_gene_variant|MODIFIER|tag-297|WBGene00007999|transcript|C38C6.6.1|protein_coding||c.-2380G>A|||||2380|,A|downstream_gene_variant|MODIFIER|mltn-9|WBGene00008964|transcript|F19H8.4.1|protein_coding||c.*3102G>A|||||2638|",GT:GQ:DP:AD:VAF:PL,.,.,.,.,.,.,.,.,.,.,.,.,.,.,"1/1:6:5:0,5:1:15,5,0"
chrII,14650509,.,G,A,32.3,PASS,"ANN=A|missense_variant|MODERATE|unc-52|WBGene00006787|transcript|ZC101.2e.1|protein_coding|27/35|c.7867C>T|p.Pro2623Ser|7958/10373|7867/10128|2623/3375||,A|missense_variant|MODERATE|unc-52|WBGene00006787|transcript|ZC101.2g.1|protein_coding|3/11|c.370C>T|p.Pro124Ser|370/2785|370/2631|124/876||,A|downstream_gene_variant|MODIFIER|unc-52|WBGene00006787|transcript|ZC101.2p.1|protein_coding||c.*2049C>T|||||1555|,A|downstream_gene_variant|MODIFIER|unc-52|WBGene00006787|transcript|ZC101.2a.1|protein_coding||c.*2049C>T|||||1555|,A|downstream_gene_variant|MODIFIER|unc-52|WBGene00006787|transcript|ZC101.2c.1|protein_coding||c.*2049C>T|||||1555|,A|downstream_gene_variant|MODIFIER|unc-52|WBGene00006787|transcript|ZC101.2d.1|protein_coding||c.*2049C>T|||||1555|,A|downstream_gene_variant|MODIFIER|unc-52|WBGene00006787|transcript|ZC101.2f.1|protein_coding||c.*2049C>T|||||1555|,A|downstream_gene_variant|MODIFIER|unc-52|WBGene00006787|transcript|ZC101.2i.1|protein_coding||c.*2049C>T|||||1555|,A|downstream_gene_variant|MODIFIER|unc-52|WBGene00006787|transcript|ZC101.2j.1|protein_coding||c.*2049C>T|||||1555|,A|downstream_gene_variant|MODIFIER|unc-52|WBGene00006787|transcript|ZC101.2k.1|protein_coding||c.*2049C>T|||||1555|,A|downstream_gene_variant|MODIFIER|unc-52|WBGene00006787|transcript|ZC101.2l.1|protein_coding||c.*2049C>T|||||1555|,A|downstream_gene_variant|MODIFIER|unc-52|WBGene00006787|transcript|ZC101.2m.1|protein_coding||c.*2049C>T|||||1555|,A|downstream_gene_variant|MODIFIER|unc-52|WBGene00006787|transcript|ZC101.2n.1|protein_coding||c.*2049C>T|||||1555|,A|downstream_gene_variant|MODIFIER|unc-52|WBGene00006787|transcript|ZC101.2o.1|protein_coding||c.*2049C>T|||||1555|,A|downstream_gene_variant|MODIFIER|unc-52|WBGene00006787|transcript|ZC101.2r.1|protein_coding||c.*2049C>T|||||1555|,A|downstream_gene_variant|MODIFIER|unc-52|WBGene00006787|transcript|ZC101.2q|lincRNA||n.*1609C>T|||||1609|",GT:GQ:DP:AD:VAF:PL,.,.,.,.,.,.,.,.,.,.,.,.,.,.,"1/1:9:4:0,4:1:31,8,0"
chrIII,296899,.,A,T,6.6,PASS,"ANN=T|upstream_gene_variant|MODIFIER|Y50D7A.13|WBGene00194737|transcript|Y50D7A.13a.1|protein_coding||c.-2377T>A|||||2272|,T|upstream_gene_variant|MODIFIER|Y50D7A.14|WBGene00196000|transcript|Y50D7A.14|lincRNA||n.-217A>T|||||217|,T|upstream_gene_variant|MODIFIER|Y50D7A.13|WBGene00194737|transcript|Y50D7A.13b.1|protein_coding||c.-4557T>A|||||4557|,T|intron_variant|MODIFIER|Y50D7A.1|WBGene00021751|transcript|Y50D7A.1.1|protein_coding|1/9|c.71-2661A>T||||||,T|intron_variant|MODIFIER|ads-1|WBGene00000081|transcript|Y50D7A.7.1|protein_coding|3/5|c.762-54T>A||||||",GT:GQ:DP:AD:VAF:PL,.,.,.,.,.,.,.,.,.,.,.,.,.,.,"1/1:3:2:0,2:1:3,2,0"
chrIII,454256,.,T,A,28.4,PASS,"ANN=A|intron_variant|MODIFIER|Y55B1BR.6|WBGene00044401|transcript|Y55B1BR.6a.1|protein_coding|4/4|c.339+16A>T||||||,A|intron_variant|MODIFIER|Y55B1BR.6|WBGene00044401|transcript|Y55B1BR.6c.1|protein_coding|1/1|c.60+16A>T||||||,A|intron_variant|MODIFIER|Y55B1BR.6|WBGene00044401|transcript|Y55B1BR.6d.1|protein_coding|2/2|c.150+16A>T||||||,A|intron_variant|MODIFIER|Y55B1BR.6|WBGene00044401|transcript|Y55B1BR.6g.1|protein_coding|2/2|c.195+16A>T||||||,A|intron_variant|MODIFIER|Y55B1BR.6|WBGene00044401|transcript|Y55B1BR.6e.1|protein_coding|3/3|c.249+16A>T||||||,A|intron_variant|MODIFIER|Y55B1BR.6|WBGene00044401|transcript|Y55B1BR.6f.1|protein_coding|3/3|c.204+16A>T||||||,A|intron_variant|MODIFIER|Y55B1BR.6|WBGene00044401|transcript|Y55B1BR.6b.1|protein_coding|4/4|c.294+16A>T||||||",GT:GQ:DP:AD:VAF:PL,.,.,.,.,.,.,.,.,.,.,.,.,.,.,"1/1:10:5:0,5:1:27,10,0"
chrIII,737166,.,A,C,8.3,PASS,"ANN=C|upstream_gene_variant|MODIFIER|T17H7.1|WBGene00020550|transcript|T17H7.1.1|protein_coding||c.-3522A>C|||||3516|,C|upstream_gene_variant|MODIFIER|pat-12|WBGene00003936|transcript|T17H7.4f.2|protein_coding||c.-5276T>G|||||4963|,C|upstream_gene_variant|MODIFIER|pat-12|WBGene00003936|transcript|T17H7.4l.1|protein_coding||c.-5276T>G|||||4963|,C|upstream_gene_variant|MODIFIER|pat-12|WBGene00003936|transcript|T17H7.4e.1|protein_coding||c.-4939T>G|||||4333|,C|upstream_gene_variant|MODIFIER|pat-12|WBGene00003936|transcript|T17H7.4h.1|protein_coding||c.-4939T>G|||||4333|,C|upstream_gene_variant|MODIFIER|pat-12|WBGene00003936|transcript|T17H7.4i.1|protein_coding||c.-4888T>G|||||4159|,C|upstream_gene_variant|MODIFIER|T17H7.1|WBGene00020550|transcript|T17H7.1.2|protein_coding||c.-3522A>C|||||3447|,C|upstream_gene_variant|MODIFIER|T17H7.1|WBGene00020550|transcript|T17H7.1.4|protein_coding||c.-3522A>C|||||3516|,C|upstream_gene_variant|MODIFIER|T17H7.1|WBGene00020550|transcript|T17H7.1.3|protein_coding||c.-3522A>C|||||3516|,C|intron_variant|MODIFIER|pat-12|WBGene00003936|transcript|T17H7.4d.1|protein_coding|2/14|c.237+428T>G||||||,C|intron_variant|MODIFIER|pat-12|WBGene00003936|transcript|T17H7.4k.2|protein_coding|6/16|c.621+2161T>G||||||,C|intron_variant|MODIFIER|pat-12|WBGene00003936|transcript|T17H7.4k.1|protein_coding|6/16|c.621+2161T>G||||||,C|intron_variant|MODIFIER|pat-12|WBGene00003936|transcript|T17H7.4a.1|protein_coding|7/17|c.639+2161T>G||||||,C|intron_variant|MODIFIER|pat-12|WBGene00003936|transcript|T17H7.4a.2|protein_coding|7/17|c.639+2161T>G||||||,C|intron_variant|MODIFIER|pat-12|WBGene00003936|transcript|T17H7.4b.1|protein_coding|7/15|c.639+2161T>G||||||,C|intron_variant|MODIFIER|pat-12|WBGene00003936|transcript|T17H7.4b.2|protein_coding|7/15|c.639+2161T>G||||||,C|intron_variant|MODIFIER|pat-12|WBGene00003936|transcript|T17H7.4c.1|protein_coding|7/18|c.639+2161T>G||||||,C|intron_variant|MODIFIER|pat-12|WBGene00003936|transcript|T17H7.4c.2|protein_coding|7/18|c.639+2161T>G||||||,C|intron_variant|MODIFIER|pat-12|WBGene00003936|transcript|T17H7.4f.1|protein_coding|7/18|c.-352+2161T>G||||||,C|intron_variant|MODIFIER|pat-12|WBGene00003936|transcript|T17H7.4j.1|protein_coding|8/18|c.798+2161T>G||||||,C|intron_variant|MODIFIER|pat-12|WBGene00003936|transcript|T17H7.4m.1|protein_coding|7/15|c.-255+2161T>G||||||WARNING_TRANSCRIPT_NO_START_CODON,C|intron_variant|MODIFIER|pat-12|WBGene00003936|transcript|T17H7.4m.2|protein_coding|7/16|c.-255+2161T>G||||||WARNING_TRANSCRIPT_NO_START_CODON,C|intron_variant|MODIFIER|pat-12|WBGene00003936|transcript|T17H7.4m.3|protein_coding|7/9|c.-312+2161T>G||||||WARNING_TRANSCRIPT_NO_START_CODON,C|intron_variant|MODIFIER|pat-12|WBGene00003936|transcript|T17H7.4d.2|protein_coding|2/9|c.237+428T>G||||||,C|intron_variant|MODIFIER|pat-12|WBGene00003936|transcript|T17H7.4d.3|protein_coding|2/8|c.237+428T>G||||||,C|intron_variant|MODIFIER|pat-12|WBGene00003936|transcript|T17H7.4d.4|protein_coding|2/7|c.237+428T>G||||||",GT:GQ:DP:AD:VAF:PL,.,.,.,.,.,.,.,.,.,.,.,.,.,.,"1/1:3:2:0,2:1:5,2,0"
chrIII,1069607,.,T,A,6.2,PASS,"ANN=A|upstream_gene_variant|MODIFIER|Y92C3B.4|WBGene00220215|transcript|Y92C3B.4|snoRNA||n.-294A>T|||||294|,A|upstream_gene_variant|MODIFIER|uaf-1|WBGene00006697|transcript|Y92C3B.2b.5|protein_coding||c.-4666A>T|||||4642|,A|upstream_gene_variant|MODIFIER|uaf-1|WBGene00006697|transcript|Y92C3B.2b.4|protein_coding||c.-1639A>T|||||1541|,A|upstream_gene_variant|MODIFIER|uaf-1|WBGene00006697|transcript|Y92C3B.2b.3|protein_coding||c.-1796A>T|||||1112|,A|intron_variant|MODIFIER|uaf-1|WBGene00006697|transcript|Y92C3B.2a.1|protein_coding|4/6|c.918+816A>T||||||,A|intron_variant|MODIFIER|uaf-1|WBGene00006697|transcript|Y92C3B.2b.1|protein_coding|4/6|c.-441+816A>T||||||,A|intron_variant|MODIFIER|uaf-1|WBGene00006697|transcript|Y92C3B.2b.2|protein_coding|4/7|c.-358+816A>T||||||,A|intron_variant|MODIFIER|uaf-1|WBGene00006697|transcript|Y92C3B.2c.1|protein_coding|4/6|c.852+816A>T||||||,A|intron_variant|MODIFIER|uaf-1|WBGene00006697|transcript|Y92C3B.2d.1|protein_coding|5/7|c.843+816A>T||||||",GT:GQ:DP:AD:VAF:PL,.,.,.,.,.,.,.,.,.,.,.,.,.,.,"1/1:3:2:0,2:1:3,2,0"
chrIII,1117138,.,C,CA,18.2,PASS,"ANN=CA|splice_region_variant&intron_variant|LOW|acsd-1|WBGene00022104|transcript|Y71D11A.3b.1|protein_coding|2/9|c.94-6dupA||||||INFO_REALIGN_3_PRIME,CA|splice_region_variant&intron_variant|LOW|acsd-1|WBGene00022104|transcript|Y71D11A.3a.1|protein_coding|2/7|c.94-6dupA||||||INFO_REALIGN_3_PRIME,CA|upstream_gene_variant|MODIFIER|F58B6.1|WBGene00019029|transcript|F58B6.1.1|protein_coding||c.-831dupT|||||765|",GT:GQ:DP:AD:VAF:PL,.,.,.,.,.,.,.,.,.,.,.,.,.,.,"1/1:5:3:0,3:1:16,3,0"
chrIII,1505109,.,G,A,7.7,PASS,"ANN=A|downstream_gene_variant|MODIFIER|M01G5.10|WBGene00197831|transcript|M01G5.10|lincRNA||n.*2079C>T|||||2079|,A|intron_variant|MODIFIER|M01G5.3|WBGene00019716|transcript|M01G5.3.1|protein_coding|8/8|c.*140+4158C>T||||||,A|intron_variant|MODIFIER|M01G5.1|WBGene00019715|transcript|M01G5.1.1|protein_coding|6/7|c.2027+821G>A||||||",GT:GQ:DP:AD:VAF:PL,.,.,.,.,.,.,.,.,.,.,.,.,.,.,"1/1:5:2:0,2:1:6,8,0"
chrIII,1618026,.,T,A,3.6,PASS,"ANN=A|upstream_gene_variant|MODIFIER|Y22D7AL.9|WBGene00021247|transcript|Y22D7AL.9.1|protein_coding||c.-4000A>T|||||3993|,A|upstream_gene_variant|MODIFIER|hsp-60|WBGene00002025|transcript|Y22D7AL.5a.1|protein_coding||c.-1733T>A|||||1716|,A|upstream_gene_variant|MODIFIER|hsp-60|WBGene00002025|transcript|Y22D7AL.5b.1|protein_coding||c.-1733T>A|||||1716|,A|upstream_gene_variant|MODIFIER|hsp-60|WBGene00002025|transcript|Y22D7AL.5a.2|protein_coding||c.-1733T>A|||||1724|,A|upstream_gene_variant|MODIFIER|hsp-60|WBGene00002025|transcript|Y22D7AL.5b.2|protein_coding||c.-1733T>A|||||1724|,A|upstream_gene_variant|MODIFIER|hsp-60|WBGene00002025|transcript|Y22D7AL.5c.1|protein_coding||c.-3863T>A|||||3399|,A|intron_variant|MODIFIER|Y22D7AL.10|WBGene00021248|transcript|Y22D7AL.10.1|protein_coding|3/3|c.261+245A>T||||||,A|intron_variant|MODIFIER|Y22D7AL.10|WBGene00021248|transcript|Y22D7AL.10.2|protein_coding|3/3|c.261+245A>T||||||",GT:GQ:DP:AD:VAF:PL,.,.,.,.,.,.,.,.,.,.,.,.,.,.,"1/1:3:2:0,2:1:0,12,0"
chrIII,1771320,.,G,A,37.9,PASS,"ANN=A|upstream_gene_variant|MODIFIER|tbx-43|WBGene00044798|transcript|Y46E12A.4.1|protein_coding||c.-1229C>T|||||1229|,A|upstream_gene_variant|MODIFIER|Y46E12A.12|WBGene00202354|transcript|Y46E12A.12|lincRNA||n.-4437C>T|||||4437|,A|upstream_gene_variant|MODIFIER|Y46E12A.9|WBGene00201511|transcript|Y46E12A.9|lincRNA||n.-2098G>A|||||2098|,A|downstream_gene_variant|MODIFIER|Y46E12A.10|WBGene00201554|transcript|Y46E12A.10|lincRNA||n.*4729G>A|||||4729|,A|downstream_gene_variant|MODIFIER|Y46E12A.7|WBGene00198715|transcript|Y46E12A.7|lincRNA||n.*4437G>A|||||4437|,A|downstream_gene_variant|MODIFIER|Y39A3CL.4|WBGene00021442|transcript|Y39A3CL.4a.1|protein_coding||c.*1326C>T|||||1247|,A|downstream_gene_variant|MODIFIER|Y39A3CL.4|WBGene00021442|transcript|Y39A3CL.4c.1|protein_coding||c.*1326C>T|||||1211|,A|downstream_gene_variant|MODIFIER|Y39A3CL.4|WBGene00021442|transcript|Y39A3CL.4c.2|protein_coding||c.*1326C>T|||||1247|,A|downstream_gene_variant|MODIFIER|Y39A3CL.4|WBGene00021442|transcript|Y39A3CL.4b.1|protein_coding||c.*1326C>T|||||1247|,A|intergenic_region|MODIFIER|tbx-43-Y39A3CL.4|WBGene00044798-WBGene00021442|intergenic_region|WBGene00044798-WBGene00021442|||n.1771320G>A||||||",GT:GQ:DP:AD:VAF:PL,.,.,.,.,.,.,.,.,.,.,.,.,.,.,"1/1:13:5:0,5:1:37,12,0"
chrIII,1785936,.,T,A,9,PASS,"ANN=A|upstream_gene_variant|MODIFIER|rimb-1|WBGene00006513|transcript|Y39A3CL.2.1|protein_coding||c.-3148T>A|||||3148|,A|intergenic_region|MODIFIER|Y39A3CL.3-rimb-1|WBGene00021441-WBGene00006513|intergenic_region|WBGene00021441-WBGene00006513|||n.1785936T>A||||||",GT:GQ:DP:AD:VAF:PL,.,.,.,.,.,.,.,.,.,.,.,.,.,.,"1/1:3:2:0,2:1:6,2,0"
chrIII,1844657,.,C,G,10.1,PASS,"ANN=G|upstream_gene_variant|MODIFIER|pqn-82|WBGene00004163|transcript|Y39A3CR.7.1|protein_coding||c.-4425C>G|||||4390|,G|intron_variant|MODIFIER|Y39A3CL.1|WBGene00021440|transcript|Y39A3CL.1.1|protein_coding|10/10|c.1759+134C>G||||||",GT:GQ:DP:AD:VAF:PL,.,.,.,.,.,.,.,.,.,.,.,.,.,.,"1/1:4:2:0,2:1:7,2,0"
chrIII,1927523,.,C,A,7.6,PASS,"ANN=A|upstream_gene_variant|MODIFIER|F53A3.8|WBGene00199226|transcript|F53A3.8|lincRNA||n.-2161C>A|||||2161|,A|intron_variant|MODIFIER|pqn-41|WBGene00004128|transcript|F53A3.4b.1|protein_coding|14/22|c.3196-154C>A||||||,A|intron_variant|MODIFIER|pqn-41|WBGene00004128|transcript|F53A3.4c.1|protein_coding|14/16|c.3196-154C>A||||||,A|intron_variant|MODIFIER|pqn-41|WBGene00004128|transcript|F53A3.4a.1|protein_coding|14/21|c.3196-154C>A||||||",GT:GQ:DP:AD:VAF:PL,.,.,.,.,.,.,.,.,.,.,.,.,.,.,"1/1:3:2:0,2:1:4,2,0"
chrIII,2351780,.,C,T,8.2,PASS,"ANN=T|downstream_gene_variant|MODIFIER|phf-5|WBGene00004016|transcript|Y54F10BM.14.1|protein_coding||c.*5199C>T|||||4451|,T|intron_variant|MODIFIER|gip-1|WBGene00001589|transcript|H04J21.3b.1|protein_coding|4/12|c.630-402C>T||||||,T|intron_variant|MODIFIER|gip-1|WBGene00001589|transcript|H04J21.3c.1|protein_coding|4/7|c.630-402C>T||||||,T|intron_variant|MODIFIER|gip-1|WBGene00001589|transcript|H04J21.3a.1|protein_coding|4/13|c.630-402C>T||||||",GT:GQ:DP:AD:VAF:PL,.,.,.,.,.,.,.,.,.,.,.,.,.,.,"1/1:6:2:0,2:1:6,7,0"
chrIII,2876473,.,G,A,28.8,PASS,"ANN=A|upstream_gene_variant|MODIFIER|F56F11.t1|WBGene00023300|transcript|F56F11.t1|pseudogene||n.-3442G>A|||||3442|,A|downstream_gene_variant|MODIFIER|F56F11.7|WBGene00202462|transcript|F56F11.7|lincRNA||n.*3859C>T|||||3859|,A|intron_variant|MODIFIER|klf-1|WBGene00018990|transcript|F56F11.3.1|protein_coding|2/8|c.310-203G>A||||||,A|intron_variant|MODIFIER|klf-1|WBGene00018990|transcript|F56F11.3.2|protein_coding|2/7|c.310-203G>A||||||",GT:GQ:DP:AD:VAF:PL,.,.,.,.,.,.,.,.,.,.,.,.,.,.,"1/1:11:5:0,5:1:28,10,0"
chrIII,2917703,.,G,A,31.3,PASS,"ANN=A|missense_variant|MODERATE|cdh-1|WBGene00019994|transcript|R10F2.1.1|protein_coding|6/21|c.1297G>A|p.Asp433Asn|1357/8538|1297/8340|433/2779||,A|downstream_gene_variant|MODIFIER|R10F2.4|WBGene00019995|transcript|R10F2.4.1|protein_coding||c.*2371C>T|||||2371|",GT:GQ:DP:AD:VAF:PL,.,.,.,.,.,.,.,.,.,.,.,.,.,.,"1/1:14:7:0,7:1:31,13,0"
chrIII,2935561,.,A,G,13.1,PASS,"ANN=G|3_prime_UTR_variant|MODIFIER|cdh-1|WBGene00019994|transcript|R10F2.1.1|protein_coding|20/21|c.*4A>G|||||4|,G|upstream_gene_variant|MODIFIER|linc-42|WBGene00219718|transcript|R10F2.8|lincRNA||n.-548A>G|||||548|,G|downstream_gene_variant|MODIFIER|R10F2.7|WBGene00196541|transcript|R10F2.7|lincRNA||n.*2278A>G|||||2278|,G|downstream_gene_variant|MODIFIER|R10F2.6|WBGene00019997|transcript|R10F2.6.1|protein_coding||c.*1542T>C|||||1542|",GT:GQ:DP:AD:VAF:PL,.,.,.,.,.,.,.,.,.,.,.,.,.,.,"1/1:4:2:0,2:1:11,2,0"
chrIII,2986242,.,A,G,8.8,PASS,"ANN=G|downstream_gene_variant|MODIFIER|Y55D5A.4|WBGene00021918|transcript|Y55D5A.4.1|protein_coding||c.*2036T>C|||||1839|,G|intron_variant|MODIFIER|Y55D5A.1|WBGene00021915|transcript|Y55D5A.1a.1|protein_coding|4/5|c.411+116A>G||||||,G|intron_variant|MODIFIER|Y55D5A.1|WBGene00021915|transcript|Y55D5A.1b.1|protein_coding|1/2|c.42+116A>G||||||",GT:GQ:DP:AD:VAF:PL,.,.,.,.,.,.,.,.,.,.,.,.,.,.,"1/1:3:2:0,2:1:6,2,0"
chrIII,3001342,.,C,T,34.1,PASS,"ANN=T|missense_variant|MODERATE|daf-2|WBGene00000898|transcript|Y55D5A.5c.1|protein_coding|15/18|c.3739G>A|p.Glu1247Lys|3837/6018|3739/5787|1247/1928||,T|missense_variant|MODERATE|daf-2|WBGene00000898|transcript|Y55D5A.5a.2|protein_coding|15/18|c.3493G>A|p.Glu1165Lys|3670/6150|3493/5541|1165/1846||,T|missense_variant|MODERATE|daf-2|WBGene00000898|transcript|Y55D5A.5c.2|protein_coding|16/19|c.3739G>A|p.Glu1247Lys|3916/6396|3739/5787|1247/1928||,T|missense_variant|MODERATE|daf-2|WBGene00000898|transcript|Y55D5A.5a.1|protein_coding|14/17|c.3493G>A|p.Glu1165Lys|3591/5795|3493/5541|1165/1846||,T|missense_variant|MODERATE|daf-2|WBGene00000898|transcript|Y55D5A.5f.1|protein_coding|5/8|c.1063G>A|p.Glu355Lys|1063/3244|1063/3111|355/1036||,T|missense_variant|MODERATE|daf-2|WBGene00000898|transcript|Y55D5A.5e.1|protein_coding|12/15|c.3265G>A|p.Glu1089Lys|3265/5446|3265/5313|1089/1770||,T|missense_variant|MODERATE|daf-2|WBGene00000898|transcript|Y55D5A.5d.1|protein_coding|13/16|c.3352G>A|p.Glu1118Lys|3352/5533|3352/5400|1118/1799||,T|upstream_gene_variant|MODIFIER|daf-2|WBGene00000898|transcript|Y55D5A.5g.1|protein_coding||c.-30G>A|||||30|,T|non_coding_transcript_exon_variant|MODIFIER|daf-2|WBGene00000898|transcript|Y55D5A.5b|lincRNA|14/17|n.4680G>A||||||",GT:GQ:DP:AD:VAF:PL,.,.,.,.,.,.,.,.,.,.,.,.,.,.,"1/1:10:5:0,5:1:33,9,0"
chrIII,3091356,.,A,T,35.8,PASS,"ANN=T|upstream_gene_variant|MODIFIER|H06I04.1|WBGene00019167|transcript|H06I04.1a.1|protein_coding||c.-516A>T|||||494|,T|upstream_gene_variant|MODIFIER|H06I04.1|WBGene00019167|transcript|H06I04.1b.1|protein_coding||c.-516A>T|||||494|,T|upstream_gene_variant|MODIFIER|H06I04.1|WBGene00019167|transcript|H06I04.1d.1|protein_coding||c.-3605A>T|||||3486|,T|upstream_gene_variant|MODIFIER|H06I04.1|WBGene00019167|transcript|H06I04.1c.1|protein_coding||c.-4040A>T|||||3498|,T|upstream_gene_variant|MODIFIER|H06I04.1|WBGene00019167|transcript|H06I04.1e.1|protein_coding||c.-4040A>T|||||3498|,T|intron_variant|MODIFIER|sft-1|WBGene00004787|transcript|H06I04.2a.1|protein_coding|5/5|c.918-238A>T||||||,T|intron_variant|MODIFIER|sft-1|WBGene00004787|transcript|H06I04.2b.1|protein_coding|5/5|c.657-238A>T||||||,T|intron_variant|MODIFIER|sft-1|WBGene00004787|transcript|H06I04.2b.2|protein_coding|4/4|c.657-238A>T||||||",GT:GQ:DP:AD:VAF:PL,.,.,.,.,.,.,.,.,.,.,.,.,.,.,"1/1:15:6:0,6:1:35,14,0"
chrIII,3157320,.,C,T,21.7,PASS,"ANN=T|downstream_gene_variant|MODIFIER|linc-45|WBGene00219661|transcript|C44B11.9|lincRNA||n.*4713C>T|||||4713|,T|downstream_gene_variant|MODIFIER|C44B11.6|WBGene00016635|transcript|C44B11.6.1|protein_coding||c.*3984C>T|||||3849|,T|intron_variant|MODIFIER|C44B11.1|WBGene00016633|transcript|C44B11.1.1|protein_coding|5/5|c.479+236C>T||||||",GT:GQ:DP:AD:VAF:PL,.,.,.,.,.,.,.,.,.,.,.,.,.,.,"1/1:6:4:0,4:1:20,5,0"
chrIII,3252698,.,G,T,30.6,PASS,"ANN=T|upstream_gene_variant|MODIFIER|Y53G8AL.2|WBGene00021800|transcript|Y53G8AL.2.1|protein_coding||c.-4125C>A|||||4123|,T|upstream_gene_variant|MODIFIER|Y53G8AL.4|WBGene00050917|transcript|Y53G8AL.4b.1|protein_coding||c.-2160C>A|||||2160|,T|upstream_gene_variant|MODIFIER|Y53G8AL.4|WBGene00050917|transcript|Y53G8AL.4a.1|protein_coding||c.-2988C>A|||||2702|,T|upstream_gene_variant|MODIFIER|Y53G8AL.4|WBGene00050917|transcript|Y53G8AL.4c|lincRNA||n.-2854C>A|||||2854|,T|downstream_gene_variant|MODIFIER|mir-4936|WBGene00219264|transcript|Y53G8AL.5|pseudogene||n.*3438G>T|||||3438|,T|downstream_gene_variant|MODIFIER|Y53G8AM.4|WBGene00021804|transcript|Y53G8AM.4.1|protein_coding||c.*1328C>A|||||1271|,T|downstream_gene_variant|MODIFIER|Y53G8AM.5|WBGene00021805|transcript|Y53G8AM.5.1|protein_coding||c.*4032C>A|||||4032|,T|downstream_gene_variant|MODIFIER|mir-4936|WBGene00219264|transcript|Y53G8AL.5b|miRNA||n.*3460G>T|||||3460|,T|intron_variant|MODIFIER|Y53G8AL.3|WBGene00021801|transcript|Y53G8AL.3.1|protein_coding|3/5|c.303+44C>A||||||",GT:GQ:DP:AD:VAF:PL,.,.,.,.,.,.,.,.,.,.,.,.,.,.,"1/1:8:4:0,4:1:29,7,0"
chrIII,3486832,.,G,A,36.5,PASS,"ANN=A|downstream_gene_variant|MODIFIER|C34C12.6|WBGene00007925|transcript|C34C12.6.1|protein_coding||c.*2084G>A|||||1989|,A|downstream_gene_variant|MODIFIER|gly-14|WBGene00001639|transcript|M01F1.1.1|protein_coding||c.*3587C>T|||||3531|,A|intron_variant|MODIFIER|C34C12.7|WBGene00007926|transcript|C34C12.7.1|protein_coding|1/5|c.175-724C>T||||||",GT:GQ:DP:AD:VAF:PL,.,.,.,.,.,.,.,.,.,.,.,.,.,.,"1/1:15:6:0,6:1:36,14,0"
chrIII,3495523,.,A,G,29.7,PASS,"ANN=G|upstream_gene_variant|MODIFIER|gly-14|WBGene00001639|transcript|M01F1.1.1|protein_coding||c.-2299T>C|||||2289|,G|downstream_gene_variant|MODIFIER|M01F1.8|WBGene00010814|transcript|M01F1.8a.1|protein_coding||c.*3954T>C|||||3852|,G|intron_variant|MODIFIER|M01F1.9|WBGene00010815|transcript|M01F1.9.1|protein_coding|4/5|c.774+212T>C||||||",GT:GQ:DP:AD:VAF:PL,.,.,.,.,.,.,.,.,.,.,.,.,.,.,"1/1:9:5:0,5:1:29,8,0"
chrIII,3635617,.,C,T,17.7,PASS,"ANN=T|upstream_gene_variant|MODIFIER|rilp-1|WBGene00007860|transcript|C32A3.3a.1|protein_coding||c.-600C>T|||||527|,T|upstream_gene_variant|MODIFIER|C32A3.5|WBGene00196381|transcript|C32A3.5|lincRNA||n.-1710C>T|||||1710|,T|upstream_gene_variant|MODIFIER|rilp-1|WBGene00007860|transcript|C32A3.3a.3|protein_coding||c.-600C>T|||||259|,T|upstream_gene_variant|MODIFIER|rilp-1|WBGene00007860|transcript|C32A3.3a.2|protein_coding||c.-600C>T|||||532|,T|upstream_gene_variant|MODIFIER|rilp-1|WBGene00007860|transcript|C32A3.3b.1|protein_coding||c.-2045C>T|||||1866|,T|downstream_gene_variant|MODIFIER|C32A3.6|WBGene00201466|transcript|C32A3.6|lincRNA||n.*3009C>T|||||3009|,T|intron_variant|MODIFIER|linc-95|WBGene00219563|transcript|C32A3.8|lincRNA|1/1|n.56+116G>A||||||",GT:GQ:DP:AD:VAF:PL,.,.,.,.,.,.,.,.,.,.,.,.,.,.,"1/1:6:2:0,2:1:16,4,0"
chrIII,3864120,.,C,T,41.8,PASS,"ANN=T|upstream_gene_variant|MODIFIER|brc-1|WBGene00000264|transcript|C36A4.8a.1|protein_coding||c.-1162G>A|||||1162|,T|upstream_gene_variant|MODIFIER|acs-19|WBGene00007969|transcript|C36A4.9a.1|protein_coding||c.-385C>T|||||369|,T|upstream_gene_variant|MODIFIER|rpl-3|WBGene00004414|transcript|F13B10.2a.1|protein_coding||c.-3743C>T|||||3734|,T|upstream_gene_variant|MODIFIER|brc-1|WBGene00000264|transcript|C36A4.8b.1|protein_coding||c.-2638G>A|||||1162|,T|upstream_gene_variant|MODIFIER|acs-19|WBGene00007969|transcript|C36A4.9b.1|protein_coding||c.-422C>T|||||369|,T|upstream_gene_variant|MODIFIER|rpl-3|WBGene00004414|transcript|F13B10.2d.2|protein_coding||c.-3743C>T|||||3732|,T|upstream_gene_variant|MODIFIER|rpl-3|WBGene00004414|transcript|F13B10.2d.1|protein_coding||c.-3743C>T|||||3732|,T|upstream_gene_variant|MODIFIER|rpl-3|WBGene00004414|transcript|F13B10.2a.2|protein_coding||c.-3743C>T|||||3734|,T|upstream_gene_variant|MODIFIER|rpl-3|WBGene00004414|transcript|F13B10.2c.1|protein_coding||c.-3743C>T|||||3734|,T|upstream_gene_variant|MODIFIER|rpl-3|WBGene00004414|transcript|F13B10.2b|lincRNA||n.-3745C>T|||||3745|,T|intron_variant|MODIFIER|acs-19|WBGene00007969|transcript|C36A4.9a.2|protein_coding|1/5|c.-17+34C>T||||||",GT:GQ:DP:AD:VAF:PL,.,.,.,.,.,.,.,.,.,.,.,.,.,.,"1/1:26:11:0,11:1:41,25,0"
chrIII,3896502,.,G,C,5.3,PASS,ANN=C|intron_variant|MODIFIER|tir-1|WBGene00006575|transcript|F13B10.1a.1|protein_coding|1/11|c.-107+4921C>G||||||,GT:GQ:DP:AD:VAF:PL,.,.,.,.,.,.,.,.,.,.,.,.,.,.,"1/1:5:2:0,2:1:3,12,0"
chrIII,3896600,.,C,T,7.3,PASS,ANN=T|intron_variant|MODIFIER|tir-1|WBGene00006575|transcript|F13B10.1a.1|protein_coding|1/11|c.-107+4823G>A||||||,GT:GQ:DP:AD:VAF:PL,.,.,.,.,.,.,.,.,.,.,.,.,.,.,"1/1:7:2:0,2:1:6,13,0"
chrIII,4062845,.,C,T,27.3,PASS,"ANN=T|upstream_gene_variant|MODIFIER|rcq-5|WBGene00004322|transcript|E03A3.2.1|protein_coding||c.-4869G>A|||||4869|,T|upstream_gene_variant|MODIFIER|his-69|WBGene00001943|transcript|E03A3.3.1|protein_coding||c.-4102G>A|||||4102|,T|upstream_gene_variant|MODIFIER|his-70|WBGene00001944|transcript|E03A3.4.1|protein_coding||c.-2726G>A|||||2673|,T|upstream_gene_variant|MODIFIER|E03A3.11|WBGene00198145|transcript|E03A3.11|lincRNA||n.-895C>T|||||895|,T|upstream_gene_variant|MODIFIER|unc-79|WBGene00006811|transcript|E03A3.6a.1|protein_coding||c.-3872C>T|||||3872|,T|downstream_gene_variant|MODIFIER|E03A3.5|WBGene00008465|transcript|E03A3.5|pseudogene||n.*23C>T|||||23|,T|intergenic_region|MODIFIER|E03A3.5-E03A3.11|WBGene00008465-WBGene00198145|intergenic_region|WBGene00008465-WBGene00198145|||n.4062845C>T||||||",GT:GQ:DP:AD:VAF:PL,.,.,.,.,.,.,.,.,.,.,.,.,.,.,"1/1:16:7:0,7:1:27,16,0"
chrIII,4079936,.,C,T,34.2,PASS,"ANN=T|synonymous_variant|LOW|unc-79|WBGene00006811|transcript|E03A3.6a.1|protein_coding|19/26|c.4590C>T|p.His1530His|4590/6392|4590/6279|1530/2092||,T|synonymous_variant|LOW|unc-79|WBGene00006811|transcript|E03A3.6b.1|protein_coding|8/15|c.924C>T|p.His308His|1885/3687|924/2613|308/870||,T|synonymous_variant|LOW|unc-79|WBGene00006811|transcript|E03A3.6b.2|protein_coding|5/12|c.924C>T|p.His308His|1181/2983|924/2613|308/870||,T|downstream_gene_variant|MODIFIER|kin-19|WBGene00002202|transcript|C03C10.1.1|protein_coding||c.*4854G>A|||||4067|,T|downstream_gene_variant|MODIFIER|kin-19|WBGene00002202|transcript|C03C10.1.2|protein_coding||c.*4854G>A|||||4099|",GT:GQ:DP:AD:VAF:PL,.,.,.,.,.,.,.,.,.,.,.,.,.,.,"1/1:11:4:0,4:1:33,10,0"
chrIII,4558109,.,G,A,11.1,PASS,"ANN=A|missense_variant|MODERATE|imph-1|WBGene00010908|transcript|M88.5c.1|protein_coding|9/12|c.1789G>A|p.Gly597Ser|1884/2842|1789/2565|597/854||,A|missense_variant|MODERATE|imph-1|WBGene00010908|transcript|M88.5a.1|protein_coding|10/13|c.1711G>A|p.Gly571Ser|1806/2764|1711/2487|571/828||,A|missense_variant|MODERATE|imph-1|WBGene00010908|transcript|M88.5b.1|protein_coding|8/11|c.1339G>A|p.Gly447Ser|1467/2425|1339/2115|447/704||,A|missense_variant|MODERATE|imph-1|WBGene00010908|transcript|M88.5d.1|protein_coding|7/10|c.1417G>A|p.Gly473Ser|1545/2927|1417/2193|473/730||,A|upstream_gene_variant|MODIFIER|pan-1|WBGene00003915|transcript|M88.6b.1|protein_coding||c.-4644G>A|||||4629|",GT:GQ:DP:AD:VAF:PL,.,.,.,.,.,.,.,.,.,.,.,.,.,.,"1/1:4:3:1,2:0.666667:8,1,0"
chrIII,4579586,.,C,T,37.5,PASS,"ANN=T|missense_variant|MODERATE|wdr-48|WBGene00009441|transcript|F35G12.4c.1|protein_coding|4/13|c.554C>T|p.Ala185Val|581/2252|554/2094|185/697||,T|missense_variant|MODERATE|wdr-48|WBGene00009441|transcript|F35G12.4a.1|protein_coding|4/14|c.554C>T|p.Ala185Val|581/2210|554/2052|185/683||,T|missense_variant|MODERATE|wdr-48|WBGene00009441|transcript|F35G12.4b.1|protein_coding|4/14|c.554C>T|p.Ala185Val|581/2201|554/2043|185/680||,T|upstream_gene_variant|MODIFIER|sel-5|WBGene00004762|transcript|F35G12.3a.1|protein_coding||c.-1159G>A|||||1149|,T|upstream_gene_variant|MODIFIER|F35G12.12|WBGene00009445|transcript|F35G12.12.1|protein_coding||c.-2209C>T|||||2209|,T|upstream_gene_variant|MODIFIER|F35G12.5|WBGene00009442|transcript|F35G12.5a.1|protein_coding||c.-5017C>T|||||4997|,T|upstream_gene_variant|MODIFIER|sel-5|WBGene00004762|transcript|F35G12.3a.2|protein_coding||c.-1159G>A|||||1149|,T|upstream_gene_variant|MODIFIER|sel-5|WBGene00004762|transcript|F35G12.3b.1|protein_coding||c.-1159G>A|||||1149|,T|upstream_gene_variant|MODIFIER|F35G12.5|WBGene00009442|transcript|F35G12.5b.1|protein_coding||c.-5017C>T|||||4999|",GT:GQ:DP:AD:VAF:PL,.,.,.,.,.,.,.,.,.,.,.,.,.,.,"1/1:16:7:0,7:1:37,16,0"
chrIII,4691187,.,C,T,35.6,PASS,"ANN=T|missense_variant|MODERATE|ppat-1|WBGene00011407|transcript|T04A8.5.1|protein_coding|4/7|c.938C>T|p.Ala313Val|1003/1595|938/1443|313/480||,T|upstream_gene_variant|MODIFIER|tag-243|WBGene00044078|transcript|T04A8.4b.1|protein_coding||c.-2977G>A|||||2977|,T|upstream_gene_variant|MODIFIER|T04A8.17|WBGene00045118|transcript|T04A8.17|snoRNA||n.-1416G>A|||||1416|,T|upstream_gene_variant|MODIFIER|T04A8.8|WBGene00011410|transcript|T04A8.8.1|protein_coding||c.-2818C>T|||||2816|,T|upstream_gene_variant|MODIFIER|T04A8.7|WBGene00011409|transcript|T04A8.7a.1|protein_coding||c.-4184C>T|||||4174|,T|upstream_gene_variant|MODIFIER|tag-243|WBGene00044078|transcript|T04A8.4a.1|protein_coding||c.-3993G>A|||||3961|,T|upstream_gene_variant|MODIFIER|T04A8.7|WBGene00011409|transcript|T04A8.7b.1|protein_coding||c.-4476C>T|||||4476|,T|downstream_gene_variant|MODIFIER|nifk-1|WBGene00011408|transcript|T04A8.6.1|protein_coding||c.*1042G>A|||||911|",GT:GQ:DP:AD:VAF:PL,.,.,.,.,.,.,.,.,.,.,.,.,.,.,"1/1:14:7:0,7:1:35,13,0"
chrIII,4799594,.,C,T,32.2,PASS,"ANN=T|missense_variant|MODERATE|tag-325|WBGene00008006|transcript|C38D4.5a.1|protein_coding|6/12|c.1339C>T|p.Pro447Ser|1411/2926|1339/2523|447/840||,T|missense_variant|MODERATE|tag-325|WBGene00008006|transcript|C38D4.5b.1|protein_coding|6/12|c.1333C>T|p.Pro445Ser|1403/2918|1333/2517|445/838||,T|upstream_gene_variant|MODIFIER|C38D4.9|WBGene00008008|transcript|C38D4.9.1|protein_coding||c.-3413C>T|||||3413|,T|upstream_gene_variant|MODIFIER|tag-325|WBGene00008006|transcript|C38D4.5c.1|protein_coding||c.-988C>T|||||988|,T|downstream_gene_variant|MODIFIER|C38D4.4|WBGene00008005|transcript|C38D4.4.1|protein_coding||c.*4314C>T|||||4171|",GT:GQ:DP:AD:VAF:PL,.,.,.,.,.,.,.,.,.,.,.,.,.,.,"1/1:22:11:0,11:1:32,21,0"
chrIII,5802412,.,C,T,32.3,PASS,"ANN=T|missense_variant|MODERATE|polq-1|WBGene00020964|transcript|W03A3.2.1|protein_coding|4/20|c.479G>A|p.Gly160Asp|479/5094|479/4986|160/1661||,T|upstream_gene_variant|MODIFIER|him-10|WBGene00001869|transcript|R12B2.4.1|protein_coding||c.-853C>T|||||848|,T|upstream_gene_variant|MODIFIER|R12B2.3|WBGene00020019|transcript|R12B2.3.1|protein_coding||c.-3198C>T|||||3151|,T|upstream_gene_variant|MODIFIER|R12B2.2|WBGene00020018|transcript|R12B2.2.1|protein_coding||c.-4718C>T|||||4640|,T|downstream_gene_variant|MODIFIER|ceh-10|WBGene00000435|transcript|W03A3.1.1|protein_coding||c.*1363C>T|||||1303|",GT:GQ:DP:AD:VAF:PL,.,.,.,.,.,.,.,.,.,.,.,.,.,.,"1/1:9:4:0,4:1:31,8,0"
chrIII,5813569,.,G,A,5.2,PASS,"ANN=A|upstream_gene_variant|MODIFIER|R12B2.9|WBGene00197661|transcript|R12B2.9|lincRNA||n.-951G>A|||||951|,A|upstream_gene_variant|MODIFIER|R12B2.10|WBGene00199273|transcript|R12B2.10|lincRNA||n.-1191G>A|||||1191|,A|upstream_gene_variant|MODIFIER|R12B2.7|WBGene00020021|transcript|R12B2.7.1|protein_coding||c.-1665G>A|||||1476|,A|upstream_gene_variant|MODIFIER|sma-4|WBGene00004858|transcript|R12B2.1a.1|protein_coding||c.-2708G>A|||||2634|,A|upstream_gene_variant|MODIFIER|sma-4|WBGene00004858|transcript|R12B2.1a.2|protein_coding||c.-2708G>A|||||2663|,A|upstream_gene_variant|MODIFIER|sma-4|WBGene00004858|transcript|R12B2.1a.3|protein_coding||c.-2708G>A|||||2706|,A|downstream_gene_variant|MODIFIER|R12B2.2|WBGene00020018|transcript|R12B2.2.1|protein_coding||c.*4478G>A|||||4363|,A|downstream_gene_variant|MODIFIER|R12B2.12|WBGene00200251|transcript|R12B2.12|lincRNA||n.*602G>A|||||602|,A|intergenic_region|MODIFIER|R12B2.12-R12B2.9|WBGene00200251-WBGene00197661|intergenic_region|WBGene00200251-WBGene00197661|||n.5813569G>A||||||",GT:GQ:DP:AD:VAF:PL,.,.,.,.,.,.,.,.,.,.,.,.,.,.,"1/1:3:2:0,2:1:2,5,0"
chrIII,7415554,.,T,C,11.8,PASS,ANN=C|intergenic_region|MODIFIER|linc-165-alh-12|WBGene00219765-WBGene00000118|intergenic_region|WBGene00219765-WBGene00000118|||n.7415554T>C||||||,GT:GQ:DP:AD:VAF:PL,.,.,.,.,.,.,.,.,.,.,.,.,.,.,"1/1:4:2:0,2:1:9,3,0"
chrIII,7445857,.,G,A,3.4,PASS,ANN=A|intergenic_region|MODIFIER|linc-165-alh-12|WBGene00219765-WBGene00000118|intergenic_region|WBGene00219765-WBGene00000118|||n.7445857G>A||||||,GT:GQ:DP:AD:VAF:PL,.,.,.,.,.,.,.,.,.,.,.,.,.,.,"1/1:3:2:0,2:1:0,9,0"
chrIII,8863434,.,T,C,4.2,PASS,"ANN=C|upstream_gene_variant|MODIFIER|K01F9.6|WBGene00198964|transcript|K01F9.6|lincRNA||n.-1834T>C|||||1834|,C|downstream_gene_variant|MODIFIER|mir-80|WBGene00003308|transcript|K01F9.3|pseudogene||n.*1836A>G|||||1836|,C|downstream_gene_variant|MODIFIER|mir-238|WBGene00003331|transcript|K01F9.5|pseudogene||n.*3894A>G|||||3894|,C|downstream_gene_variant|MODIFIER|mir-80|WBGene00003308|transcript|K01F9.3b|miRNA||n.*1851A>G|||||1851|,C|downstream_gene_variant|MODIFIER|mir-80|WBGene00003308|transcript|K01F9.3a|miRNA||n.*1894A>G|||||1894|,C|downstream_gene_variant|MODIFIER|mir-238|WBGene00003331|transcript|K01F9.5b|miRNA||n.*3909A>G|||||3909|,C|downstream_gene_variant|MODIFIER|mir-238|WBGene00003331|transcript|K01F9.5a|miRNA||n.*3953A>G|||||3953|,C|non_coding_transcript_exon_variant|MODIFIER|plg-1|WBGene00004041|transcript|F44E2.11|pseudogene|5/5|n.2157T>C||||||",GT:GQ:DP:AD:VAF:PL,.,.,.,.,.,.,.,.,.,.,.,.,.,.,"1/1:3:5:3,2:0.4:1,8,0"
chrIII,8947925,.,A,AT,15.7,PASS,"ANN=AT|downstream_gene_variant|MODIFIER|ZK643.5|WBGene00014036|transcript|ZK643.5.1|protein_coding||c.*5033dupA|||||4960|,AT|downstream_gene_variant|MODIFIER|ZK643.5|WBGene00014036|transcript|ZK643.5.2|protein_coding||c.*5033dupA|||||4960|,AT|intron_variant|MODIFIER|seb-2|WBGene00014035|transcript|ZK643.3b.1|protein_coding|2/10|c.288-1652dupT||||||INFO_REALIGN_3_PRIME,AT|intron_variant|MODIFIER|seb-2|WBGene00014035|transcript|ZK643.3a.1|protein_coding|2/10|c.288-1652dupT||||||INFO_REALIGN_3_PRIME",GT:GQ:DP:AD:VAF:PL,.,.,.,.,.,.,.,.,.,.,.,.,.,.,"1/1:5:2:0,2:1:14,3,0"
chrIII,9510331,.,C,A,9.4,PASS,"ANN=A|upstream_gene_variant|MODIFIER|F55H2.5|WBGene00010131|transcript|F55H2.5.1|protein_coding||c.-1144C>A|||||1139|,A|upstream_gene_variant|MODIFIER|F55H2.8|WBGene00219298|transcript|F55H2.8.1|protein_coding||c.-3560C>A|||||3560|,A|downstream_gene_variant|MODIFIER|lrg-1|WBGene00003067|transcript|F55H2.4|pseudogene||n.*3250C>A|||||3250|,A|downstream_gene_variant|MODIFIER|vha-14|WBGene00010130|transcript|F55H2.2.1|protein_coding||c.*921C>A|||||525|,A|downstream_gene_variant|MODIFIER|F55H2.7|WBGene00010132|transcript|F55H2.7.1|protein_coding||c.*3247G>T|||||3017|,A|downstream_gene_variant|MODIFIER|vha-14|WBGene00010130|transcript|F55H2.2.3|protein_coding||c.*921C>A|||||525|,A|downstream_gene_variant|MODIFIER|vha-14|WBGene00010130|transcript|F55H2.2.2|protein_coding||c.*874C>A|||||644|,A|downstream_gene_variant|MODIFIER|F55H2.7|WBGene00010132|transcript|F55H2.7.2|protein_coding||c.*3219G>T|||||3022|,A|intergenic_region|MODIFIER|vha-14-F55H2.5|WBGene00010130-WBGene00010131|intergenic_region|WBGene00010130-WBGene00010131|||n.9510331C>A||||||",GT:GQ:DP:AD:VAF:PL,.,.,.,.,.,.,.,.,.,.,.,.,.,.,"1/1:4:2:0,2:1:6,2,0"
chrIII,10470575,.,A,AATT,16.9,PASS,"ANN=AATT|upstream_gene_variant|MODIFIER|D2045.5|WBGene00008423|transcript|D2045.5.1|protein_coding||c.-1073_-1072insAAT|||||1073|,AATT|upstream_gene_variant|MODIFIER|cul-1|WBGene00000836|transcript|D2045.6.1|protein_coding||c.-663_-662insATT|||||661|,AATT|upstream_gene_variant|MODIFIER|D2045.9|WBGene00008426|transcript|D2045.9.1|protein_coding||c.-4713_-4712insATT|||||4669|,AATT|downstream_gene_variant|MODIFIER|atx-2|WBGene00000231|transcript|D2045.1d.1|protein_coding||c.*3163_*3164insATT|||||2550|,AATT|downstream_gene_variant|MODIFIER|atx-2|WBGene00000231|transcript|D2045.1a.1|protein_coding||c.*3163_*3164insATT|||||2526|,AATT|downstream_gene_variant|MODIFIER|atx-2|WBGene00000231|transcript|D2045.1c.1|protein_coding||c.*3258_*3259insATT|||||2525|,AATT|downstream_gene_variant|MODIFIER|atx-2|WBGene00000231|transcript|D2045.1b.1|protein_coding||c.*3163_*3164insATT|||||2550|,AATT|intergenic_region|MODIFIER|D2045.5-cul-1|WBGene00008423-WBGene00000836|intergenic_region|WBGene00008423-WBGene00000836|||n.10470575_10470576insATT||||||",GT:GQ:DP:AD:VAF:PL,.,.,.,.,.,.,.,.,.,.,.,.,.,.,"1/1:7:3:0,2:0.666667:15,5,0"
chrIII,11261885,.,A,AT,24.9,PASS,"ANN=AT|upstream_gene_variant|MODIFIER|obr-1|WBGene00012930|transcript|Y47D3A.17d.1|protein_coding||c.-819dupA|||||819|,AT|intron_variant|MODIFIER|obr-1|WBGene00012930|transcript|Y47D3A.17c.1|protein_coding|8/15|c.1179-818dupA||||||,AT|intron_variant|MODIFIER|obr-1|WBGene00012930|transcript|Y47D3A.17b.1|protein_coding|5/12|c.534-818dupA||||||,AT|intron_variant|MODIFIER|obr-1|WBGene00012930|transcript|Y47D3A.17a.1|protein_coding|8/15|c.951-818dupA||||||,AT|intron_variant|MODIFIER|obr-1|WBGene00012930|transcript|Y47D3A.17e.1|protein_coding|8/15|c.849-818dupA||||||",GT:GQ:DP:AD:VAF:PL,.,.,.,.,.,.,.,.,.,.,.,.,.,.,"1/1:6:3:0,2:0.666667:23,5,0"
chrIII,11696332,.,A,G,9.3,PASS,"ANN=G|synonymous_variant|LOW|Y41C4A.22|WBGene00194866|transcript|Y41C4A.22.1|protein_coding|2/2|c.150A>G|p.Pro50Pro|150/264|150/264|50/87||,G|upstream_gene_variant|MODIFIER|Y41C4A.6|WBGene00012753|transcript|Y41C4A.6.1|protein_coding||c.-267A>G|||||267|,G|upstream_gene_variant|MODIFIER|Y41C4A.7|WBGene00012754|transcript|Y41C4A.7.1|protein_coding||c.-2574A>G|||||2537|,G|upstream_gene_variant|MODIFIER|pqn-84|WBGene00004165|transcript|Y41C4A.5.1|protein_coding||c.-3948A>G|||||3948|,G|downstream_gene_variant|MODIFIER|crh-1|WBGene00000793|transcript|Y41C4A.4g.1|protein_coding||c.*2778A>G|||||2555|,G|downstream_gene_variant|MODIFIER|Y41C4A.29|WBGene00206423|transcript|Y41C4A.29|lincRNA||n.*1163A>G|||||1163|,G|downstream_gene_variant|MODIFIER|Y41C4A.31|WBGene00220151|transcript|Y41C4A.31|lincRNA||n.*1886A>G|||||1886|,G|downstream_gene_variant|MODIFIER|crh-1|WBGene00000793|transcript|Y41C4A.4c.1|protein_coding||c.*2778A>G|||||2555|,G|downstream_gene_variant|MODIFIER|crh-1|WBGene00000793|transcript|Y41C4A.4e.1|protein_coding||c.*2778A>G|||||2498|,G|downstream_gene_variant|MODIFIER|crh-1|WBGene00000793|transcript|Y41C4A.4d.1|protein_coding||c.*2778A>G|||||2555|,G|downstream_gene_variant|MODIFIER|crh-1|WBGene00000793|transcript|Y41C4A.4a.1|protein_coding||c.*2778A>G|||||2495|,G|downstream_gene_variant|MODIFIER|crh-1|WBGene00000793|transcript|Y41C4A.4b.1|protein_coding||c.*2778A>G|||||2555|,G|downstream_gene_variant|MODIFIER|crh-1|WBGene00000793|transcript|Y41C4A.4f.1|protein_coding||c.*2778A>G|||||2555|",GT:GQ:DP:AD:VAF:PL,.,.,.,.,.,.,.,.,.,.,.,.,.,.,"1/1:3:2:0,2:1:6,2,0"
chrIII,11740248,.,C,A,27.9,PASS,"ANN=A|upstream_gene_variant|MODIFIER|sup-1|WBGene00012759|transcript|Y41C4A.13.1|protein_coding||c.-2635G>T|||||2621|,A|downstream_gene_variant|MODIFIER|Y41C4A.24|WBGene00196982|transcript|Y41C4A.24|lincRNA||n.*1563C>A|||||1563|,A|intergenic_region|MODIFIER|Y41C4A.24-mrt-2|WBGene00196982-WBGene00003417|intergenic_region|WBGene00196982-WBGene00003417|||n.11740248C>A||||||",GT:GQ:DP:AD:VAF:PL,.,.,.,.,.,.,.,.,.,.,.,.,.,.,"1/1:12:3:0,3:1:27,11,0"
chrIII,11945296,.,A,AT,20.9,PASS,"ANN=AT|downstream_gene_variant|MODIFIER|top-3|WBGene00006596|transcript|Y56A3A.27.1|protein_coding||c.*4721dupA|||||4621|,AT|intron_variant|MODIFIER|Y56A3A.7|WBGene00013228|transcript|Y56A3A.7b.1|protein_coding|5/11|c.623-193dupA||||||,AT|intron_variant|MODIFIER|Y56A3A.7|WBGene00013228|transcript|Y56A3A.7a.1|protein_coding|5/9|c.623-193dupA||||||",GT:GQ:DP:AD:VAF:PL,.,.,.,.,.,.,.,.,.,.,.,.,.,.,"1/1:5:2:0,2:1:19,3,0"
chrIII,12136260,.,AT,A,19.4,PASS,"ANN=A|upstream_gene_variant|MODIFIER|Y75B8A.46|WBGene00196430|transcript|Y75B8A.46|lincRNA||n.-4915delT|||||4915|,A|downstream_gene_variant|MODIFIER|Y75B8A.50|WBGene00198055|transcript|Y75B8A.50|lincRNA||n.*4146delT|||||4146|,A|downstream_gene_variant|MODIFIER|Y75B8A.57|WBGene00200856|transcript|Y75B8A.57|lincRNA||n.*3959delT|||||3959|,A|downstream_gene_variant|MODIFIER|Y75B8A.59|WBGene00202094|transcript|Y75B8A.59|lincRNA||n.*4915delA|||||4915|,A|intergenic_region|MODIFIER|Y75B8A.57-Y75B8A.46|WBGene00200856-WBGene00196430|intergenic_region|WBGene00200856-WBGene00196430|||n.12136261delT||||||",GT:GQ:DP:AD:VAF:PL,.,.,.,.,.,.,.,.,.,.,.,.,.,.,"1/1:5:2:0,2:1:17,2,0"
chrIII,13059181,.,A,G,9,PASS,"ANN=G|upstream_gene_variant|MODIFIER|F54F12.1|WBGene00010072|transcript|F54F12.1.1|protein_coding||c.-4135T>C|||||3696|,G|upstream_gene_variant|MODIFIER|F54F12.5|WBGene00202410|transcript|F54F12.5|lincRNA||n.-2577T>C|||||2577|,G|downstream_gene_variant|MODIFIER|F54F12.3|WBGene00195333|transcript|F54F12.3|lincRNA||n.*2580A>G|||||2580|,G|downstream_gene_variant|MODIFIER|F54F12.6|WBGene00219970|transcript|F54F12.6|lincRNA||n.*695A>G|||||695|,G|intergenic_region|MODIFIER|F54F12.6-Y39E4B.6|WBGene00219970-WBGene00012717|intergenic_region|WBGene00219970-WBGene00012717|||n.13059181A>G||||||",GT:GQ:DP:AD:VAF:PL,.,.,.,.,.,.,.,.,.,.,.,.,.,.,"1/1:3:2:0,2:1:6,2,0"
chrIV,606567,.,A,T,10.9,PASS,"ANN=T|upstream_gene_variant|MODIFIER|srt-59|WBGene00015998|transcript|C18H7.8.1|protein_coding||c.-4872T>A|||||4872|,T|upstream_gene_variant|MODIFIER|prmt-4|WBGene00015999|transcript|C18H7.9.1|protein_coding||c.-2924T>A|||||2924|,T|upstream_gene_variant|MODIFIER|C18H7.14|WBGene00199072|transcript|C18H7.14|lincRNA||n.-1246T>A|||||1246|,T|downstream_gene_variant|MODIFIER|col-102|WBGene00000676|transcript|C18H7.3.1|protein_coding||c.*691A>T|||||691|,T|intron_variant|MODIFIER|inx-18|WBGene00002140|transcript|C18H7.2a.1|protein_coding|1/6|c.65+59A>T||||||,T|intron_variant|MODIFIER|inx-18|WBGene00002140|transcript|C18H7.2b.2|protein_coding|1/5|c.65+59A>T||||||,T|intron_variant|MODIFIER|inx-18|WBGene00002140|transcript|C18H7.2b.1|protein_coding|1/6|c.65+59A>T||||||",GT:GQ:DP:AD:VAF:PL,.,.,.,.,.,.,.,.,.,.,.,.,.,.,"1/1:4:2:0,2:1:8,2,0"
chrIV,615276,.,T,C,5.3,PASS,"ANN=C|upstream_gene_variant|MODIFIER|C18H7.1|WBGene00015993|transcript|C18H7.1a.1|protein_coding||c.-319T>C|||||268|,C|upstream_gene_variant|MODIFIER|C18H7.1|WBGene00015993|transcript|C18H7.1c.1|protein_coding||c.-2101T>C|||||2101|,C|upstream_gene_variant|MODIFIER|C18H7.1|WBGene00015993|transcript|C18H7.1b.1|protein_coding||c.-3700T>C|||||3700|,C|downstream_gene_variant|MODIFIER|inx-18|WBGene00002140|transcript|C18H7.2a.1|protein_coding||c.*1455T>C|||||1276|,C|downstream_gene_variant|MODIFIER|inx-18|WBGene00002140|transcript|C18H7.2b.2|protein_coding||c.*2175T>C|||||2149|,C|downstream_gene_variant|MODIFIER|inx-18|WBGene00002140|transcript|C18H7.2b.1|protein_coding||c.*1558T>C|||||1255|,C|intergenic_region|MODIFIER|inx-18-C18H7.1|WBGene00002140-WBGene00015993|intergenic_region|WBGene00002140-WBGene00015993|||n.615276T>C||||||",GT:GQ:DP:AD:VAF:PL,.,.,.,.,.,.,.,.,.,.,.,.,.,.,"1/1:3:2:0,2:1:1,2,0"
chrIV,685645,.,C,T,11.1,PASS,"ANN=T|missense_variant|MODERATE|cutl-28|WBGene00018256|transcript|F41A4.1.1|protein_coding|4/12|c.451C>T|p.Arg151Cys|459/2292|451/2091|151/696||,T|upstream_gene_variant|MODIFIER|F41A4.3|WBGene00195864|transcript|F41A4.3|lincRNA||n.-2501G>A|||||2501|,T|downstream_gene_variant|MODIFIER|F41A4.t1|WBGene00023038|transcript|F41A4.t1|protein_coding||c.*2511C>T|||||2511|WARNING_TRANSCRIPT_MULTIPLE_STOP_CODONS,T|downstream_gene_variant|MODIFIER|Y55F3C.17|WBGene00235287|transcript|Y55F3C.17.1|protein_coding||c.*2735G>A|||||2735|",GT:GQ:DP:AD:VAF:PL,.,.,.,.,.,.,.,.,.,.,.,.,.,.,"1/1:3:3:1,2:0.666667:8,1,0"
chrIV,1432835,.,C,A,9.1,PASS,"ANN=A|synonymous_variant|LOW|clp-6|WBGene00000546|transcript|Y77E11A.10.1|protein_coding|5/8|c.1062G>T|p.Pro354Pro|1117/1987|1062/1884|354/627||,A|upstream_gene_variant|MODIFIER|Y77E11A.22|WBGene00235266|transcript|Y77E11A.22|pseudogene||n.-3772G>T|||||3772|,A|upstream_gene_variant|MODIFIER|Y77E11A.23|WBGene00235267|transcript|Y77E11A.23.1|protein_coding||c.-2492G>T|||||2468|,A|downstream_gene_variant|MODIFIER|clp-7|WBGene00000547|transcript|Y77E11A.11a.1|protein_coding||c.*2792G>T|||||2630|,A|downstream_gene_variant|MODIFIER|clp-7|WBGene00000547|transcript|Y77E11A.11a.2|protein_coding||c.*2792G>T|||||2630|,A|downstream_gene_variant|MODIFIER|clp-7|WBGene00000547|transcript|Y77E11A.11b.1|protein_coding||c.*2792G>T|||||2640|",GT:GQ:DP:AD:VAF:PL,.,.,.,.,.,.,.,.,.,.,.,.,.,.,"1/1:4:2:0,2:1:6,2,0"
chrIV,1545747,.,GA,G,30.1,PASS,"ANN=G|upstream_gene_variant|MODIFIER|col-107|WBGene00000681|transcript|C34H4.4.1|protein_coding||c.-2986delA|||||2973|,G|intron_variant|MODIFIER|C34H4.5|WBGene00016427|transcript|C34H4.5a.1|protein_coding|6/6|c.893+24delT||||||,G|intron_variant|MODIFIER|C34H4.5|WBGene00016427|transcript|C34H4.5a.2|protein_coding|5/5|c.893+24delT||||||,G|intron_variant|MODIFIER|C34H4.5|WBGene00016427|transcript|C34H4.5b.1|protein_coding|5/5|c.11+24delT||||||",GT:GQ:DP:AD:VAF:PL,.,.,.,.,.,.,.,.,.,.,.,.,.,.,"1/1:10:5:0,5:1:29,9,0"
chrIV,1585493,.,A,G,13.8,PASS,ANN=G|intron_variant|MODIFIER|npp-8|WBGene00003794|transcript|Y41D4B.19b.1|protein_coding|6/12|c.1433+182T>C||||||,GT:GQ:DP:AD:VAF:PL,.,.,.,.,.,.,.,.,.,.,.,.,.,.,"1/1:4:3:1,2:0.666667:11,3,0"
chrIV,1810020,.,T,C,10.8,PASS,"ANN=C|upstream_gene_variant|MODIFIER|snn-1|WBGene00004913|transcript|Y38C1BA.2a.1|protein_coding||c.-1527A>G|||||1521|,C|intron_variant|MODIFIER|snn-1|WBGene00004913|transcript|Y38C1BA.2b.1|protein_coding|2/6|c.201-1508A>G||||||",GT:GQ:DP:AD:VAF:PL,.,.,.,.,.,.,.,.,.,.,.,.,.,.,"1/1:8:2:0,2:1:10,10,0"
chrIV,1810805,.,A,G,15,PASS,"ANN=G|upstream_gene_variant|MODIFIER|snn-1|WBGene00004913|transcript|Y38C1BA.2a.1|protein_coding||c.-2312T>C|||||2306|,G|intron_variant|MODIFIER|snn-1|WBGene00004913|transcript|Y38C1BA.2b.1|protein_coding|2/6|c.201-2293T>C||||||",GT:GQ:DP:AD:VAF:PL,.,.,.,.,.,.,.,.,.,.,.,.,.,.,"1/1:9:2:0,2:1:14,10,0"
chrIV,1821950,.,G,A,30.9,PASS,"ANN=A|upstream_gene_variant|MODIFIER|col-109|WBGene00000683|transcript|Y38C1BA.3.1|protein_coding||c.-1700C>T|||||1697|,A|upstream_gene_variant|MODIFIER|cmk-1|WBGene00000553|transcript|K07A9.2.1|protein_coding||c.-2578G>A|||||2531|,A|intron_variant|MODIFIER|Y38C1BA.4|WBGene00195012|transcript|Y38C1BA.4.1|protein_coding|1/1|c.63+38G>A||||||",GT:GQ:DP:AD:VAF:PL,.,.,.,.,.,.,.,.,.,.,.,.,.,.,"1/1:8:3:0,3:1:30,7,0"
chrIV,2210683,.,C,G,4.9,PASS,"ANN=G|downstream_gene_variant|MODIFIER|Y71G10AR.4|WBGene00044650|transcript|Y71G10AR.4.1|protein_coding||c.*1852C>G|||||1632|,G|intergenic_region|MODIFIER|Y71G10AR.4-T04C4.3|WBGene00044650-WBGene00235277|intergenic_region|WBGene00044650-WBGene00235277|||n.2210683C>G||||||",GT:GQ:DP:AD:VAF:PL,.,.,.,.,.,.,.,.,.,.,.,.,.,.,"1/1:4:3:1,2:0.666667:2,11,0"
chrIV,2273071,.,A,T,7.7,PASS,"ANN=T|missense_variant|MODERATE|M70.5|WBGene00019787|transcript|M70.5.1|protein_coding|2/7|c.530T>A|p.Ile177Asn|543/2404|530/1734|177/577||,T|downstream_gene_variant|MODIFIER|lin-1|WBGene00002990|transcript|C37F5.1a.1|protein_coding||c.*3203T>A|||||2793|,T|downstream_gene_variant|MODIFIER|lin-1|WBGene00002990|transcript|C37F5.1b.1|protein_coding||c.*3203T>A|||||2793|,T|downstream_gene_variant|MODIFIER|lin-1|WBGene00002990|transcript|C37F5.1b.2|protein_coding||c.*3203T>A|||||2806|",GT:GQ:DP:AD:VAF:PL,.,.,.,.,.,.,.,.,.,.,.,.,.,.,"1/1:3:2:0,2:1:4,2,0"
chrIV,2404256,.,T,C,33.5,PASS,"ANN=C|synonymous_variant|LOW|Y38F2AR.12|WBGene00021430|transcript|Y38F2AR.12a.1|protein_coding|7/14|c.1845A>G|p.Gly615Gly|1845/3819|1845/3774|615/1257||,C|synonymous_variant|LOW|Y38F2AR.12|WBGene00021430|transcript|Y38F2AR.12c.1|protein_coding|4/11|c.903A>G|p.Gly301Gly|903/2877|903/2832|301/943||,C|upstream_gene_variant|MODIFIER|Y38F2AR.10|WBGene00021428|transcript|Y38F2AR.10.1|protein_coding||c.-4836A>G|||||4836|,C|upstream_gene_variant|MODIFIER|Y38F2AR.21|WBGene00202014|transcript|Y38F2AR.21|lincRNA||n.-654A>G|||||654|,C|upstream_gene_variant|MODIFIER|Y38F2AR.12|WBGene00021430|transcript|Y38F2AR.12b.1|protein_coding||c.-1387A>G|||||1113|,C|downstream_gene_variant|MODIFIER|Y38F2AR.20|WBGene00200448|transcript|Y38F2AR.20|lincRNA||n.*645T>C|||||645|,C|downstream_gene_variant|MODIFIER|Y38F2AR.14|WBGene00023467|transcript|Y38F2AR.14|snoRNA||n.*4252A>G|||||4252|",GT:GQ:DP:AD:VAF:PL,.,.,.,.,.,.,.,.,.,.,.,.,.,.,"1/1:9:4:0,4:1:32,8,0"
chrIV,2672061,.,G,A,16.8,PASS,"ANN=A|synonymous_variant|LOW|Y69A2AR.1|WBGene00022074|transcript|Y69A2AR.1a.1|protein_coding|12/12|c.1395G>A|p.Thr465Thr|1410/1551|1395/1461|465/486||,A|synonymous_variant|LOW|Y69A2AR.1|WBGene00022074|transcript|Y69A2AR.1b.1|protein_coding|12/12|c.1386G>A|p.Thr462Thr|1401/1534|1386/1452|462/483||,A|synonymous_variant|LOW|Y69A2AR.1|WBGene00022074|transcript|Y69A2AR.1i.1|protein_coding|11/11|c.279G>A|p.Thr93Thr|1686/1827|279/345|93/114||,A|synonymous_variant|LOW|Y69A2AR.1|WBGene00022074|transcript|Y69A2AR.1g.1|protein_coding|7/7|c.876G>A|p.Thr292Thr|924/1057|876/942|292/313||,A|synonymous_variant|LOW|Y69A2AR.1|WBGene00022074|transcript|Y69A2AR.1h.1|protein_coding|4/4|c.363G>A|p.Thr121Thr|419/552|363/429|121/142||,A|upstream_gene_variant|MODIFIER|Y94H6A.3|WBGene00022376|transcript|Y94H6A.3.1|protein_coding||c.-4492G>A|||||4451|,A|downstream_gene_variant|MODIFIER|gpx-4|WBGene00022377|transcript|Y94H6A.4.1|protein_coding||c.*1333C>T|||||1037|,A|non_coding_transcript_exon_variant|MODIFIER|Y69A2AR.1|WBGene00022074|transcript|Y69A2AR.1d|lincRNA|11/11|n.1662G>A||||||,A|non_coding_transcript_exon_variant|MODIFIER|Y69A2AR.1|WBGene00022074|transcript|Y69A2AR.1e|lincRNA|11/11|n.1671G>A||||||,A|non_coding_transcript_exon_variant|MODIFIER|Y69A2AR.1|WBGene00022074|transcript|Y69A2AR.1f|lincRNA|6/6|n.1152G>A||||||",GT:GQ:DP:AD:VAF:PL,.,.,.,.,.,.,.,.,.,.,.,.,.,.,"1/1:6:3:0,3:1:15,5,0"
chrIV,2740216,.,C,A,6.8,PASS,"ANN=A|upstream_gene_variant|MODIFIER|nhr-277|WBGene00022374|transcript|Y94H6A.1.1|protein_coding||c.-2791C>A|||||2791|,A|non_coding_transcript_exon_variant|MODIFIER|Y94H6A.t1|WBGene00023396|transcript|Y94H6A.t1|pseudogene|1/1|n.3C>A||||||",GT:GQ:DP:AD:VAF:PL,.,.,.,.,.,.,.,.,.,.,.,.,.,.,"1/1:5:2:0,2:1:5,7,0"
chrIV,2835348,.,AT,A,14.8,PASS,"ANN=A|splice_region_variant|LOW|pudl-2|WBGene00044490|transcript|Y54G2A.47.1|protein_coding|1/1|c.*70delT||||||INFO_REALIGN_3_PRIME,A|3_prime_UTR_variant|MODIFIER|pudl-2|WBGene00044490|transcript|Y54G2A.47.1|protein_coding|1/1|c.*70delT|||||70|INFO_REALIGN_3_PRIME,A|upstream_gene_variant|MODIFIER|Y54G2A.48|WBGene00044491|transcript|Y54G2A.48.1|protein_coding||c.-2675delA|||||2662|,A|upstream_gene_variant|MODIFIER|clec-82|WBGene00021873|transcript|Y54G2A.8a.1|protein_coding||c.-331delT|||||315|,A|upstream_gene_variant|MODIFIER|Y54G2A.7|WBGene00043702|transcript|Y54G2A.7.1|protein_coding||c.-3357delT|||||3259|,A|upstream_gene_variant|MODIFIER|Y54G2A.74|WBGene00220180|transcript|Y54G2A.74|snoRNA||n.-3772delT|||||3772|,A|upstream_gene_variant|MODIFIER|clec-82|WBGene00021873|transcript|Y54G2A.8b.1|protein_coding||c.-433delT|||||365|,A|downstream_gene_variant|MODIFIER|pudl-1|WBGene00044489|transcript|Y54G2A.46.1|protein_coding||c.*1970delT|||||1869|,A|downstream_gene_variant|MODIFIER|clec-83|WBGene00021879|transcript|Y54G2A.14.1|protein_coding||c.*4096delA|||||4026|,A|downstream_gene_variant|MODIFIER|clec-83|WBGene00021879|transcript|Y54G2A.14.3|protein_coding||c.*4096delA|||||4026|,A|downstream_gene_variant|MODIFIER|clec-83|WBGene00021879|transcript|Y54G2A.14.2|protein_coding||c.*4096delA|||||4026|",GT:GQ:DP:AD:VAF:PL,.,.,.,.,.,.,.,.,.,.,.,.,.,.,"1/1:4:2:0,2:1:12,2,0"
chrIV,2840544,.,A,T,6.2,PASS,"ANN=T|missense_variant&splice_region_variant|MODERATE|clec-83|WBGene00021879|transcript|Y54G2A.14.1|protein_coding|2/4|c.97T>A|p.Cys33Ser|97/784|97/714|33/237||,T|missense_variant&splice_region_variant|MODERATE|clec-83|WBGene00021879|transcript|Y54G2A.14.3|protein_coding|2/4|c.97T>A|p.Cys33Ser|193/880|97/714|33/237||,T|missense_variant&splice_region_variant|MODERATE|clec-83|WBGene00021879|transcript|Y54G2A.14.2|protein_coding|3/5|c.97T>A|p.Cys33Ser|193/880|97/714|33/237||,T|upstream_gene_variant|MODIFIER|clec-84|WBGene00021895|transcript|Y54G2A.33.1|protein_coding||c.-1931A>T|||||1930|,T|upstream_gene_variant|MODIFIER|clec-84|WBGene00021895|transcript|Y54G2A.33.2|protein_coding||c.-1931A>T|||||1930|,T|downstream_gene_variant|MODIFIER|clec-82|WBGene00021873|transcript|Y54G2A.8a.1|protein_coding||c.*2029A>T|||||1961|,T|downstream_gene_variant|MODIFIER|Y54G2A.7|WBGene00043702|transcript|Y54G2A.7.1|protein_coding||c.*1229A>T|||||1122|,T|downstream_gene_variant|MODIFIER|Y54G2A.74|WBGene00220180|transcript|Y54G2A.74|snoRNA||n.*1297A>T|||||1297|,T|downstream_gene_variant|MODIFIER|Y54G2A.15|WBGene00021880|transcript|Y54G2A.15.1|protein_coding||c.*2741T>A|||||2680|,T|downstream_gene_variant|MODIFIER|21ur-14446|WBGene00172494|transcript|Y54G2A.56|pseudogene||n.*3335T>A|||||3335|,T|downstream_gene_variant|MODIFIER|clec-82|WBGene00021873|transcript|Y54G2A.8b.1|protein_coding||c.*2029A>T|||||1961|",GT:GQ:DP:AD:VAF:PL,.,.,.,.,.,.,.,.,.,.,.,.,.,.,"1/1:3:2:0,2:1:3,2,0"
chrIV,2916670,.,G,A,33.7,PASS,"ANN=A|upstream_gene_variant|MODIFIER|Y54G2A.21|WBGene00021886|transcript|Y54G2A.21|pseudogene||n.-1854C>T|||||1854|,A|upstream_gene_variant|MODIFIER|Y54G2A.50|WBGene00044493|transcript|Y54G2A.50.1|protein_coding||c.-1943G>A|||||1771|,A|upstream_gene_variant|MODIFIER|Y54G2A.50|WBGene00044493|transcript|Y54G2A.50.2|protein_coding||c.-1943G>A|||||1771|,A|downstream_gene_variant|MODIFIER|fbxc-45|WBGene00021887|transcript|Y54G2A.22.1|protein_coding||c.*3193C>T|||||3156|,A|intergenic_region|MODIFIER|Y54G2A.21-Y54G2A.50|WBGene00021886-WBGene00044493|intergenic_region|WBGene00021886-WBGene00044493|||n.2916670G>A||||||",GT:GQ:DP:AD:VAF:PL,.,.,.,.,.,.,.,.,.,.,.,.,.,.,"1/1:9:4:0,4:1:33,8,0"
chrIV,3029747,.,G,A,31.5,PASS,"ANN=A|upstream_gene_variant|MODIFIER|ndnf-1|WBGene00021893|transcript|Y54G2A.29.1|protein_coding||c.-815C>T|||||805|,A|downstream_gene_variant|MODIFIER|eel-1|WBGene00022069|transcript|Y67D8C.5h.1|protein_coding||c.*3446C>T|||||3019|,A|downstream_gene_variant|MODIFIER|eel-1|WBGene00022069|transcript|Y67D8C.5f.1|protein_coding||c.*3355C>T|||||2831|,A|downstream_gene_variant|MODIFIER|eel-1|WBGene00022069|transcript|Y67D8C.5a.1|protein_coding||c.*3446C>T|||||3019|,A|downstream_gene_variant|MODIFIER|eel-1|WBGene00022069|transcript|Y67D8C.5b.1|protein_coding||c.*3446C>T|||||3019|,A|downstream_gene_variant|MODIFIER|eel-1|WBGene00022069|transcript|Y67D8C.5c.1|protein_coding||c.*3446C>T|||||3019|,A|downstream_gene_variant|MODIFIER|eel-1|WBGene00022069|transcript|Y67D8C.5d.1|protein_coding||c.*3446C>T|||||3019|,A|downstream_gene_variant|MODIFIER|eel-1|WBGene00022069|transcript|Y67D8C.5e.1|protein_coding||c.*3446C>T|||||3019|,A|downstream_gene_variant|MODIFIER|eel-1|WBGene00022069|transcript|Y67D8C.5g.1|protein_coding||c.*3446C>T|||||3019|,A|intergenic_region|MODIFIER|ndnf-1-eel-1|WBGene00021893-WBGene00022069|intergenic_region|WBGene00021893-WBGene00022069|||n.3029747G>A||||||",GT:GQ:DP:AD:VAF:PL,.,.,.,.,.,.,.,.,.,.,.,.,.,.,"1/1:9:4:0,4:1:30,7,0"
chrIV,3320553,.,G,A,21.4,PASS,ANN=A|non_coding_transcript_exon_variant|MODIFIER|F42A6.3|WBGene00018325|transcript|F42A6.3|pseudogene|2/7|n.495G>A||||||,GT:GQ:DP:AD:VAF:PL,.,.,.,.,.,.,.,.,.,.,.,.,.,.,"1/1:17:9:0,9:1:21,18,0"
chrIV,3843966,.,G,A,36.7,PASS,"ANN=A|upstream_gene_variant|MODIFIER|F28F9.14|WBGene00200814|transcript|F28F9.14|lincRNA||n.-2111G>A|||||2111|,A|downstream_gene_variant|MODIFIER|F28F9.2|WBGene00017906|transcript|F28F9.2.1|protein_coding||c.*2338G>A|||||2338|,A|intergenic_region|MODIFIER|F28F9.2-F28F9.14|WBGene00017906-WBGene00200814|intergenic_region|WBGene00017906-WBGene00200814|||n.3843966G>A||||||",GT:GQ:DP:AD:VAF:PL,.,.,.,.,.,.,.,.,.,.,.,.,.,.,"1/1:10:4:0,4:1:36,9,0"
chrIV,4188760,.,G,A,23.7,PASS,"ANN=A|upstream_gene_variant|MODIFIER|K08D10.11|WBGene00019534|transcript|K08D10.11.1|protein_coding||c.-2561C>T|||||2561|,A|downstream_gene_variant|MODIFIER|K08D10.15|WBGene00235370|transcript|K08D10.15|pseudogene||n.*2140G>A|||||2140|,A|downstream_gene_variant|MODIFIER|K06B9.4|WBGene00019441|transcript|K06B9.4|pseudogene||n.*1179C>T|||||1179|,A|non_coding_transcript_exon_variant|MODIFIER|K06B9.2|WBGene00019439|transcript|K06B9.2|pseudogene|1/6|n.88G>A||||||",GT:GQ:DP:AD:VAF:PL,.,.,.,.,.,.,.,.,.,.,.,.,.,.,"1/1:19:10:0,10:1:23,20,0"
chrIV,4411169,.,CT,C,15,PASS,"ANN=C|upstream_gene_variant|MODIFIER|Y24D9A.13|WBGene00220137|transcript|Y24D9A.13|lincRNA||n.-4289delT|||||4289|,C|upstream_gene_variant|MODIFIER|ell-1|WBGene00021281|transcript|Y24D9A.1c.1|protein_coding||c.-757delT|||||697|,C|intron_variant|MODIFIER|ell-1|WBGene00021281|transcript|Y24D9A.1a.1|protein_coding|5/8|c.597-211delT||||||INFO_REALIGN_3_PRIME,C|intron_variant|MODIFIER|ell-1|WBGene00021281|transcript|Y24D9A.1a.2|protein_coding|4/7|c.597-211delT||||||INFO_REALIGN_3_PRIME,C|intron_variant|MODIFIER|ell-1|WBGene00021281|transcript|Y24D9A.1b|lincRNA|4/6|n.597-211delT||||||INFO_REALIGN_3_PRIME",GT:GQ:DP:AD:VAF:PL,.,.,.,.,.,.,.,.,.,.,.,.,.,.,"1/1:4:2:0,2:1:12,2,0"
chrIV,4662815,.,G,A,32.4,PASS,"ANN=A|missense_variant|MODERATE|jmjd-1.2|WBGene00017920|transcript|F29B9.2c.1|protein_coding|6/10|c.1138G>A|p.Gly380Arg|1156/3062|1138/2790|380/929||,A|missense_variant|MODERATE|jmjd-1.2|WBGene00017920|transcript|F29B9.2b.1|protein_coding|6/10|c.1042G>A|p.Gly348Arg|1060/2975|1042/2694|348/897||,A|missense_variant|MODERATE|jmjd-1.2|WBGene00017920|transcript|F29B9.2a.1|protein_coding|7/11|c.1081G>A|p.Gly361Arg|1097/3012|1081/2733|361/910||,A|upstream_gene_variant|MODIFIER|mrps-21|WBGene00017924|transcript|F29B9.10.1|protein_coding||c.-3298C>T|||||3298|,A|upstream_gene_variant|MODIFIER|F29B9.11|WBGene00017925|transcript|F29B9.11.1|protein_coding||c.-2615C>T|||||2612|,A|upstream_gene_variant|MODIFIER|F29B9.1|WBGene00017919|transcript|F29B9.1.1|protein_coding||c.-2609G>A|||||2564|,A|upstream_gene_variant|MODIFIER|F29B9.11|WBGene00017925|transcript|F29B9.11.2|protein_coding||c.-2615C>T|||||2614|,A|upstream_gene_variant|MODIFIER|F29B9.1|WBGene00017919|transcript|F29B9.1.2|protein_coding||c.-2609G>A|||||2436|",GT:GQ:DP:AD:VAF:PL,.,.,.,.,.,.,.,.,.,.,.,.,.,.,"1/1:9:4:0,4:1:31,8,0"
chrIV,4893720,.,G,A,34.5,PASS,"ANN=A|splice_region_variant&intron_variant|LOW|T08B6.9|WBGene00020356|transcript|T08B6.9.1|protein_coding|7/8|c.1330-8G>A||||||,A|upstream_gene_variant|MODIFIER|21ur-8691|WBGene00168661|transcript|T08B6.37|pseudogene||n.-3916C>T|||||3916|,A|upstream_gene_variant|MODIFIER|21ur-4153|WBGene00046636|transcript|T08B6.12|pseudogene||n.-3767C>T|||||3767|,A|upstream_gene_variant|MODIFIER|21ur-5688|WBGene00168016|transcript|T08B6.35|pseudogene||n.-2977C>T|||||2977|,A|upstream_gene_variant|MODIFIER|21ur-5686|WBGene00168831|transcript|T08B6.39|pseudogene||n.-1345G>A|||||1345|,A|upstream_gene_variant|MODIFIER|21ur-756|WBGene00050076|transcript|T08B6.21|pseudogene||n.-1426G>A|||||1426|,A|upstream_gene_variant|MODIFIER|21ur-5759|WBGene00173780|transcript|T08B6.58|pseudogene||n.-1623G>A|||||1623|,A|upstream_gene_variant|MODIFIER|21ur-13131|WBGene00167712|transcript|T08B6.33|pseudogene||n.-1706G>A|||||1706|,A|upstream_gene_variant|MODIFIER|21ur-14911|WBGene00165812|transcript|T08B6.27|pseudogene||n.-1709G>A|||||1709|,A|upstream_gene_variant|MODIFIER|21ur-10989|WBGene00165634|transcript|T08B6.24|pseudogene||n.-1771G>A|||||1771|,A|upstream_gene_variant|MODIFIER|21ur-1302|WBGene00047743|transcript|T08B6.14|pseudogene||n.-2009G>A|||||2009|,A|downstream_gene_variant|MODIFIER|21ur-12589|WBGene00166701|transcript|T08B6.29|pseudogene||n.*4828G>A|||||4828|,A|downstream_gene_variant|MODIFIER|21ur-15292|WBGene00172371|transcript|T08B6.53|pseudogene||n.*4415G>A|||||4415|,A|downstream_gene_variant|MODIFIER|sgnh-1|WBGene00020354|transcript|T08B6.5.1|protein_coding||c.*3206G>A|||||3048|,A|downstream_gene_variant|MODIFIER|21ur-10686|WBGene00174315|transcript|T08B6.59|pseudogene||n.*515C>T|||||515|,A|downstream_gene_variant|MODIFIER|T08B6.2|WBGene00020352|transcript|T08B6.2a|pseudogene||n.*650C>T|||||650|,A|downstream_gene_variant|MODIFIER|21ur-14175|WBGene00172416|transcript|T08B6.54|pseudogene||n.*707C>T|||||707|,A|downstream_gene_variant|MODIFIER|21ur-152|WBGene00049380|transcript|T08B6.18|pseudogene||n.*3209C>T|||||3209|,A|downstream_gene_variant|MODIFIER|21ur-3978|WBGene00049503|transcript|T08B6.19|pseudogene||n.*3637C>T|||||3637|,A|downstream_gene_variant|MODIFIER|21ur-10939|WBGene00174596|transcript|T08B6.60|pseudogene||n.*3638C>T|||||3638|,A|downstream_gene_variant|MODIFIER|T08B6.2|WBGene00020352|transcript|T08B6.2b|pseudogene||n.*650C>T|||||650|",GT:GQ:DP:AD:VAF:PL,.,.,.,.,.,.,.,.,.,.,.,.,.,.,"1/1:11:4:0,4:1:34,10,0"
chrIV,5537852,.,G,A,38.8,PASS,"ANN=A|missense_variant|MODERATE|fem-1|WBGene00001411|transcript|F35D6.1a.1|protein_coding|1/11|c.5C>T|p.Thr2Ile|141/2369|5/1971|2/656||,A|missense_variant|MODERATE|fem-1|WBGene00001411|transcript|F35D6.1b.1|protein_coding|1/4|c.5C>T|p.Thr2Ile|78/388|5/315|2/104||,A|upstream_gene_variant|MODIFIER|drp-1|WBGene00001093|transcript|T12E12.4b.1|protein_coding||c.-638G>A|||||638|,A|upstream_gene_variant|MODIFIER|T12E12.3|WBGene00020464|transcript|T12E12.3.1|protein_coding||c.-3785G>A|||||3775|,A|upstream_gene_variant|MODIFIER|drp-1|WBGene00001093|transcript|T12E12.4a.3|protein_coding||c.-363G>A|||||129|,A|upstream_gene_variant|MODIFIER|drp-1|WBGene00001093|transcript|T12E12.4b.3|protein_coding||c.-363G>A|||||129|,A|upstream_gene_variant|MODIFIER|drp-1|WBGene00001093|transcript|T12E12.4a.2|protein_coding||c.-638G>A|||||638|,A|upstream_gene_variant|MODIFIER|drp-1|WBGene00001093|transcript|T12E12.4b.2|protein_coding||c.-638G>A|||||638|,A|upstream_gene_variant|MODIFIER|drp-1|WBGene00001093|transcript|T12E12.4a.1|protein_coding||c.-638G>A|||||638|,A|upstream_gene_variant|MODIFIER|T12E12.3|WBGene00020464|transcript|T12E12.3.2|protein_coding||c.-3785G>A|||||3755|,A|downstream_gene_variant|MODIFIER|21ur-7762|WBGene00171653|transcript|F35D6.16|pseudogene||n.*4919G>A|||||4919|",GT:GQ:DP:AD:VAF:PL,.,.,.,.,.,.,.,.,.,.,.,.,.,.,"1/1:15:6:0,6:1:38,14,0"
chrIV,5576379,.,A,G,9.3,PASS,"ANN=G|upstream_gene_variant|MODIFIER|T12E12.6|WBGene00020465|transcript|T12E12.6.1|protein_coding||c.-2352T>C|||||2246|,G|upstream_gene_variant|MODIFIER|21ur-13733|WBGene00173670|transcript|H01M01.6|pseudogene||n.-1513T>C|||||1513|,G|upstream_gene_variant|MODIFIER|21ur-3482|WBGene00050314|transcript|F26D12.27|pseudogene||n.-1198A>G|||||1198|,G|upstream_gene_variant|MODIFIER|21ur-6185|WBGene00170002|transcript|F26D12.59|pseudogene||n.-1199A>G|||||1199|,G|upstream_gene_variant|MODIFIER|21ur-12770|WBGene00170021|transcript|F26D12.60|pseudogene||n.-2037A>G|||||2037|,G|upstream_gene_variant|MODIFIER|21ur-6658|WBGene00171293|transcript|F26D12.71|pseudogene||n.-2682A>G|||||2682|,G|upstream_gene_variant|MODIFIER|21ur-3426|WBGene00048577|transcript|F26D12.18|pseudogene||n.-2952A>G|||||2952|,G|upstream_gene_variant|MODIFIER|21ur-14386|WBGene00167087|transcript|F26D12.44|pseudogene||n.-2953A>G|||||2953|,G|downstream_gene_variant|MODIFIER|21ur-7571|WBGene00169842|transcript|H01M01.4|pseudogene||n.*2715A>G|||||2715|,G|downstream_gene_variant|MODIFIER|21ur-1351|WBGene00045903|transcript|H01M01.1|pseudogene||n.*1621A>G|||||1621|,G|downstream_gene_variant|MODIFIER|21ur-9044|WBGene00172876|transcript|H01M01.5|pseudogene||n.*877A>G|||||877|,G|downstream_gene_variant|MODIFIER|21ur-15559|WBGene00166962|transcript|H01M01.2|pseudogene||n.*874A>G|||||874|,G|downstream_gene_variant|MODIFIER|21ur-6012|WBGene00167356|transcript|H01M01.3|pseudogene||n.*135A>G|||||135|,G|downstream_gene_variant|MODIFIER|21ur-12725|WBGene00173734|transcript|F26D12.85|pseudogene||n.*1901T>C|||||1901|,G|downstream_gene_variant|MODIFIER|21ur-3868|WBGene00046907|transcript|F26D12.11|pseudogene||n.*2214T>C|||||2214|,G|downstream_gene_variant|MODIFIER|21ur-11543|WBGene00170105|transcript|F26D12.61|pseudogene||n.*4208T>C|||||4208|,G|downstream_gene_variant|MODIFIER|21ur-6078|WBGene00165908|transcript|F26D12.35|pseudogene||n.*4211T>C|||||4211|,G|intergenic_region|MODIFIER|21ur-6012-21ur-3482|WBGene00167356-WBGene00050314|intergenic_region|WBGene00167356-WBGene00050314|||n.5576379A>G||||||",GT:GQ:DP:AD:VAF:PL,.,.,.,.,.,.,.,.,.,.,.,.,.,.,"1/1:4:3:0,2:0.666667:6,2,0"
chrIV,6141827,.,T,G,8.6,PASS,"ANN=G|upstream_gene_variant|MODIFIER|21ur-7948|WBGene00169857|transcript|M03D4.50|pseudogene||n.-4625A>C|||||4625|,G|upstream_gene_variant|MODIFIER|21ur-10885|WBGene00173353|transcript|M03D4.65|pseudogene||n.-3406A>C|||||3406|,G|upstream_gene_variant|MODIFIER|21ur-13565|WBGene00173751|transcript|M03D4.66|pseudogene||n.-1215A>C|||||1215|,G|upstream_gene_variant|MODIFIER|M03D4.74|WBGene00195493|transcript|M03D4.74|lincRNA||n.-763A>C|||||763|,G|upstream_gene_variant|MODIFIER|21ur-9792|WBGene00167146|transcript|M03D4.37|pseudogene||n.-944T>G|||||944|,G|upstream_gene_variant|MODIFIER|21ur-12951|WBGene00174634|transcript|M03D4.73|pseudogene||n.-1056T>G|||||1056|,G|downstream_gene_variant|MODIFIER|21ur-12244|WBGene00165620|transcript|M03D4.30|pseudogene||n.*4696T>G|||||4696|,G|downstream_gene_variant|MODIFIER|21ur-14521|WBGene00170123|transcript|M03D4.51|pseudogene||n.*4660T>G|||||4660|,G|downstream_gene_variant|MODIFIER|21ur-8913|WBGene00171243|transcript|M03D4.58|pseudogene||n.*4659T>G|||||4659|,G|downstream_gene_variant|MODIFIER|21ur-6053|WBGene00172206|transcript|M03D4.63|pseudogene||n.*3256T>G|||||3256|,G|downstream_gene_variant|MODIFIER|21ur-10778|WBGene00166040|transcript|M03D4.33|pseudogene||n.*2920T>G|||||2920|,G|downstream_gene_variant|MODIFIER|21ur-13537|WBGene00168857|transcript|M03D4.43|pseudogene||n.*2871T>G|||||2871|,G|downstream_gene_variant|MODIFIER|M03D4.76|WBGene00199126|transcript|M03D4.76|lincRNA||n.*2608T>G|||||2608|,G|downstream_gene_variant|MODIFIER|21ur-10486|WBGene00174020|transcript|M03D4.68|pseudogene||n.*2052T>G|||||2052|,G|downstream_gene_variant|MODIFIER|M03D4.77|WBGene00200103|transcript|M03D4.77|lincRNA||n.*763T>G|||||763|,G|downstream_gene_variant|MODIFIER|M03D4.75|WBGene00196539|transcript|M03D4.75|lincRNA||n.*103T>G|||||103|,G|downstream_gene_variant|MODIFIER|H10D12.2|WBGene00019176|transcript|H10D12.2|pseudogene||n.*1356A>C|||||1356|,G|downstream_gene_variant|MODIFIER|21ur-7970|WBGene00166267|transcript|M03D4.34|pseudogene||n.*2042A>C|||||2042|,G|downstream_gene_variant|MODIFIER|21ur-8909|WBGene00165505|transcript|M03D4.29|pseudogene||n.*3519A>C|||||3519|,G|downstream_gene_variant|MODIFIER|21ur-5986|WBGene00171853|transcript|M03D4.62|pseudogene||n.*3522A>C|||||3522|,G|non_coding_transcript_exon_variant|MODIFIER|M03D4.5|WBGene00023326|transcript|M03D4.5|pseudogene|1/1|n.628A>C||||||",GT:GQ:DP:AD:VAF:PL,.,.,.,.,.,.,.,.,.,.,.,.,.,.,"1/1:4:2:0,2:1:6,2,0"
chrIV,6196898,.,A,T,36.6,PASS,"ANN=T|upstream_gene_variant|MODIFIER|21ur-6155|WBGene00171494|transcript|H08M21.7|pseudogene||n.-841A>T|||||841|,T|upstream_gene_variant|MODIFIER|21ur-1741|WBGene00047630|transcript|H08M21.3|pseudogene||n.-844A>T|||||844|,T|upstream_gene_variant|MODIFIER|21ur-5469|WBGene00166008|transcript|C49A9.15|pseudogene||n.-2074A>T|||||2074|,T|upstream_gene_variant|MODIFIER|21ur-8677|WBGene00169677|transcript|C49A9.26|pseudogene||n.-2642A>T|||||2642|,T|upstream_gene_variant|MODIFIER|21ur-820|WBGene00047672|transcript|C49A9.11|pseudogene||n.-4123A>T|||||4123|,T|upstream_gene_variant|MODIFIER|21ur-3914|WBGene00049398|transcript|C49A9.12|pseudogene||n.-4707A>T|||||4707|,T|downstream_gene_variant|MODIFIER|21ur-2429|WBGene00048299|transcript|H08M21.4|pseudogene||n.*3179A>T|||||3179|,T|downstream_gene_variant|MODIFIER|21ur-9170|WBGene00166861|transcript|H08M21.5|pseudogene||n.*1967A>T|||||1967|,T|downstream_gene_variant|MODIFIER|21ur-11329|WBGene00173501|transcript|H08M21.9|pseudogene||n.*1964A>T|||||1964|,T|downstream_gene_variant|MODIFIER|21ur-297|WBGene00046267|transcript|H08M21.1|pseudogene||n.*1334A>T|||||1334|,T|downstream_gene_variant|MODIFIER|21ur-8972|WBGene00174655|transcript|H08M21.11|pseudogene||n.*1180A>T|||||1180|,T|downstream_gene_variant|MODIFIER|21ur-14735|WBGene00167821|transcript|H08M21.6|pseudogene||n.*766A>T|||||766|,T|downstream_gene_variant|MODIFIER|21ur-762|WBGene00046951|transcript|H08M21.2|pseudogene||n.*761A>T|||||761|,T|downstream_gene_variant|MODIFIER|21ur-12027|WBGene00173140|transcript|H08M21.8|pseudogene||n.*294A>T|||||294|,T|downstream_gene_variant|MODIFIER|21ur-6734|WBGene00174313|transcript|H08M21.10|pseudogene||n.*293A>T|||||293|,T|downstream_gene_variant|MODIFIER|21ur-15131|WBGene00173152|transcript|C49A9.31|pseudogene||n.*1986T>A|||||1986|,T|downstream_gene_variant|MODIFIER|21ur-6243|WBGene00165550|transcript|C49A9.14|pseudogene||n.*1987T>A|||||1987|,T|downstream_gene_variant|MODIFIER|21ur-5803|WBGene00167952|transcript|C49A9.24|pseudogene||n.*3409T>A|||||3409|,T|intergenic_region|MODIFIER|21ur-6734-21ur-6155|WBGene00174313-WBGene00171494|intergenic_region|WBGene00174313-WBGene00171494|||n.6196898A>T||||||",GT:GQ:DP:AD:VAF:PL,.,.,.,.,.,.,.,.,.,.,.,.,.,.,"1/1:15:7:0,7:1:36,15,0"
chrIV,6326759,.,A,T,26.4,PASS,"ANN=T|upstream_gene_variant|MODIFIER|seu-1|WBGene00004783|transcript|Y73B6BL.5d.1|protein_coding||c.-2880A>T|||||2829|,T|upstream_gene_variant|MODIFIER|seu-1|WBGene00004783|transcript|Y73B6BL.5d.2|protein_coding||c.-2880A>T|||||2819|,T|upstream_gene_variant|MODIFIER|seu-1|WBGene00004783|transcript|Y73B6BL.5a.2|protein_coding||c.-2880A>T|||||2819|,T|upstream_gene_variant|MODIFIER|seu-1|WBGene00004783|transcript|Y73B6BL.5b.1|protein_coding||c.-2880A>T|||||2827|,T|upstream_gene_variant|MODIFIER|seu-1|WBGene00004783|transcript|Y73B6BL.5a.1|protein_coding||c.-2880A>T|||||2829|,T|upstream_gene_variant|MODIFIER|seu-1|WBGene00004783|transcript|Y73B6BL.5c.1|protein_coding||c.-3567A>T|||||2829|,T|upstream_gene_variant|MODIFIER|seu-1|WBGene00004783|transcript|Y73B6BL.5e.1|protein_coding||c.-3567A>T|||||2829|,T|upstream_gene_variant|MODIFIER|seu-1|WBGene00004783|transcript|Y73B6BL.5c.2|protein_coding||c.-3401A>T|||||2881|,T|upstream_gene_variant|MODIFIER|seu-1|WBGene00004783|transcript|Y73B6BL.5e.2|protein_coding||c.-3401A>T|||||2881|,T|downstream_gene_variant|MODIFIER|Y73B6BL.29|WBGene00022250|transcript|Y73B6BL.29a.1|protein_coding||c.*3273A>T|||||3197|,T|downstream_gene_variant|MODIFIER|sqd-1|WBGene00022235|transcript|Y73B6BL.6b.1|protein_coding||c.*1324A>T|||||427|,T|downstream_gene_variant|MODIFIER|Y73B6BL.29|WBGene00022250|transcript|Y73B6BL.29b.1|protein_coding||c.*3273A>T|||||3197|,T|downstream_gene_variant|MODIFIER|Y73B6BL.29|WBGene00022250|transcript|Y73B6BL.29b.2|protein_coding||c.*3273A>T|||||3197|,T|downstream_gene_variant|MODIFIER|sqd-1|WBGene00022235|transcript|Y73B6BL.6a.2|protein_coding||c.*1324A>T|||||338|,T|downstream_gene_variant|MODIFIER|sqd-1|WBGene00022235|transcript|Y73B6BL.6a.3|protein_coding||c.*1324A>T|||||1028|,T|downstream_gene_variant|MODIFIER|sqd-1|WBGene00022235|transcript|Y73B6BL.6a.4|protein_coding||c.*1324A>T|||||1028|,T|downstream_gene_variant|MODIFIER|sqd-1|WBGene00022235|transcript|Y73B6BL.6b.2|protein_coding||c.*1324A>T|||||427|,T|downstream_gene_variant|MODIFIER|sqd-1|WBGene00022235|transcript|Y73B6BL.6b.3|protein_coding||c.*1324A>T|||||427|,T|downstream_gene_variant|MODIFIER|sqd-1|WBGene00022235|transcript|Y73B6BL.6a.1|protein_coding||c.*1324A>T|||||338|,T|downstream_gene_variant|MODIFIER|sqd-1|WBGene00022235|transcript|Y73B6BL.6a.5|protein_coding||c.*1324A>T|||||1028|,T|downstream_gene_variant|MODIFIER|sqd-1|WBGene00022235|transcript|Y73B6BL.6b.4|protein_coding||c.*1324A>T|||||427|,T|downstream_gene_variant|MODIFIER|sqd-1|WBGene00022235|transcript|Y73B6BL.6a.6|protein_coding||c.*1324A>T|||||1028|,T|downstream_gene_variant|MODIFIER|sqd-1|WBGene00022235|transcript|Y73B6BL.6b.5|protein_coding||c.*1324A>T|||||427|,T|downstream_gene_variant|MODIFIER|sqd-1|WBGene00022235|transcript|Y73B6BL.6a.7|protein_coding||c.*1324A>T|||||1028|,T|downstream_gene_variant|MODIFIER|sqd-1|WBGene00022235|transcript|Y73B6BL.6b.6|protein_coding||c.*1324A>T|||||427|,T|downstream_gene_variant|MODIFIER|sqd-1|WBGene00022235|transcript|Y73B6BL.6a.8|protein_coding||c.*1324A>T|||||1028|,T|downstream_gene_variant|MODIFIER|sqd-1|WBGene00022235|transcript|Y73B6BL.6b.7|protein_coding||c.*1324A>T|||||427|,T|intron_variant|MODIFIER|lsm-8|WBGene00003082|transcript|Y73B6BL.32.1|protein_coding|1/2|c.85-85A>T||||||",GT:GQ:DP:AD:VAF:PL,.,.,.,.,.,.,.,.,.,.,.,.,.,.,"1/1:13:7:0,7:1:26,12,0"
chrIV,6700955,.,C,T,5.2,PASS,"ANN=T|upstream_gene_variant|MODIFIER|Y73B6A.6|WBGene00044503|transcript|Y73B6A.6|pseudogene||n.-3970C>T|||||3970|,T|intergenic_region|MODIFIER|21ur-9017-Y73B6A.6|WBGene00169358-WBGene00044503|intergenic_region|WBGene00169358-WBGene00044503|||n.6700955C>T||||||",GT:GQ:DP:AD:VAF:PL,.,.,.,.,.,.,.,.,.,.,.,.,.,.,"1/1:3:3:1,2:0.666667:2,4,0"
chrIV,6992440,.,T,C,10.5,PASS,"ANN=C|upstream_gene_variant|MODIFIER|ZK381.60|WBGene00202254|transcript|ZK381.60|lincRNA||n.-4850A>G|||||4850|,C|upstream_gene_variant|MODIFIER|ZK381.45|WBGene00198175|transcript|ZK381.45|lincRNA||n.-3894A>G|||||3894|,C|upstream_gene_variant|MODIFIER|ZK381.54|WBGene00200635|transcript|ZK381.54|lincRNA||n.-3457A>G|||||3457|,C|upstream_gene_variant|MODIFIER|21ur-11522|WBGene00170924|transcript|ZK381.23|pseudogene||n.-2878A>G|||||2878|,C|upstream_gene_variant|MODIFIER|ZK381.38|WBGene00196044|transcript|ZK381.38|lincRNA||n.-2266A>G|||||2266|,C|upstream_gene_variant|MODIFIER|ZK381.34|WBGene00195515|transcript|ZK381.34|lincRNA||n.-1194A>G|||||1194|,C|upstream_gene_variant|MODIFIER|21ur-2087|WBGene00046514|transcript|ZK381.10|pseudogene||n.-595A>G|||||595|,C|upstream_gene_variant|MODIFIER|21ur-4660|WBGene00045549|transcript|ZK381.9|pseudogene||n.-368A>G|||||368|,C|upstream_gene_variant|MODIFIER|21ur-10023|WBGene00170947|transcript|ZK381.24|pseudogene||n.-132A>G|||||132|,C|upstream_gene_variant|MODIFIER|21ur-15247|WBGene00166686|transcript|ZK381.15|pseudogene||n.-41A>G|||||41|,C|upstream_gene_variant|MODIFIER|21ur-7804|WBGene00174938|transcript|ZK381.33|pseudogene||n.-64T>C|||||64|,C|upstream_gene_variant|MODIFIER|21ur-6799|WBGene00167436|transcript|ZK381.17|pseudogene||n.-1697T>C|||||1697|,C|upstream_gene_variant|MODIFIER|21ur-13536|WBGene00174544|transcript|ZK381.32|pseudogene||n.-2119T>C|||||2119|,C|upstream_gene_variant|MODIFIER|21ur-14995|WBGene00172162|transcript|ZK381.27|pseudogene||n.-2474T>C|||||2474|,C|upstream_gene_variant|MODIFIER|ZK381.49|WBGene00199240|transcript|ZK381.49|lincRNA||n.-2695T>C|||||2695|,C|upstream_gene_variant|MODIFIER|21ur-14586|WBGene00171315|transcript|ZK381.25|pseudogene||n.-2816T>C|||||2816|,C|upstream_gene_variant|MODIFIER|21ur-11205|WBGene00171489|transcript|ZK381.26|pseudogene||n.-3434T>C|||||3434|,C|upstream_gene_variant|MODIFIER|ZK381.35|WBGene00195690|transcript|ZK381.35|lincRNA||n.-3897T>C|||||3897|,C|upstream_gene_variant|MODIFIER|ZK381.48|WBGene00198808|transcript|ZK381.48|lincRNA||n.-4645T>C|||||4645|,C|downstream_gene_variant|MODIFIER|21ur-1101|WBGene00047820|transcript|ZK381.13|pseudogene||n.*4533T>C|||||4533|,C|downstream_gene_variant|MODIFIER|ZK381.51|WBGene00199539|transcript|ZK381.51|lincRNA||n.*3894T>C|||||3894|,C|downstream_gene_variant|MODIFIER|ZK381.59|WBGene00202072|transcript|ZK381.59|lincRNA||n.*3451T>C|||||3451|,C|downstream_gene_variant|MODIFIER|21ur-10110|WBGene00173788|transcript|ZK381.31|pseudogene||n.*3127T>C|||||3127|,C|downstream_gene_variant|MODIFIER|ZK381.40|WBGene00196419|transcript|ZK381.40|lincRNA||n.*437A>G|||||437|,C|downstream_gene_variant|MODIFIER|21ur-870|WBGene00046896|transcript|ZK381.12|pseudogene||n.*1143A>G|||||1143|,C|downstream_gene_variant|MODIFIER|21ur-1004|WBGene00046712|transcript|ZK381.11|pseudogene||n.*1491A>G|||||1491|,C|downstream_gene_variant|MODIFIER|21ur-13206|WBGene00173736|transcript|ZK381.30|pseudogene||n.*1817A>G|||||1817|,C|downstream_gene_variant|MODIFIER|21ur-6755|WBGene00170642|transcript|ZK381.22|pseudogene||n.*1971A>G|||||1971|,C|downstream_gene_variant|MODIFIER|ZK381.46|WBGene00198184|transcript|ZK381.46|lincRNA||n.*2465A>G|||||2465|,C|downstream_gene_variant|MODIFIER|21ur-7120|WBGene00168233|transcript|ZK381.19|pseudogene||n.*2516A>G|||||2516|,C|downstream_gene_variant|MODIFIER|ZK381.55|WBGene00200639|transcript|ZK381.55|lincRNA||n.*2712A>G|||||2712|,C|downstream_gene_variant|MODIFIER|ZK381.56|WBGene00200819|transcript|ZK381.56|lincRNA||n.*2830A>G|||||2830|,C|downstream_gene_variant|MODIFIER|ZK381.41|WBGene00196733|transcript|ZK381.41|lincRNA||n.*3762A>G|||||3762|,C|downstream_gene_variant|MODIFIER|ZK381.44|WBGene00197818|transcript|ZK381.44|lincRNA||n.*4998A>G|||||4998|,C|intergenic_region|MODIFIER|21ur-15247-21ur-7804|WBGene00166686-WBGene00174938|intergenic_region|WBGene00166686-WBGene00174938|||n.6992440T>C||||||",GT:GQ:DP:AD:VAF:PL,.,.,.,.,.,.,.,.,.,.,.,.,.,.,"1/1:8:2:0,2:1:9,10,0"
chrIV,7474728,.,G,A,28.6,PASS,"ANN=A|missense_variant|MODERATE|F55G1.6|WBGene00018902|transcript|F55G1.6.1|protein_coding|5/5|c.955G>A|p.Asp319Asn|1020/1245|955/1053|319/350||,A|upstream_gene_variant|MODIFIER|F55G1.7|WBGene00018903|transcript|F55G1.7a.1|protein_coding||c.-4896C>T|||||4896|,A|upstream_gene_variant|MODIFIER|plk-3|WBGene00004044|transcript|F55G1.8.1|protein_coding||c.-1519C>T|||||1519|,A|upstream_gene_variant|MODIFIER|slc-25A18.2|WBGene00018901|transcript|F55G1.5.1|protein_coding||c.-321G>A|||||313|,A|upstream_gene_variant|MODIFIER|rod-1|WBGene00018900|transcript|F55G1.4.1|protein_coding||c.-3725G>A|||||3724|,A|upstream_gene_variant|MODIFIER|F55G1.7|WBGene00018903|transcript|F55G1.7d.1|protein_coding||c.-4896C>T|||||4896|,A|upstream_gene_variant|MODIFIER|plk-3|WBGene00004044|transcript|F55G1.8.2|protein_coding||c.-1519C>T|||||1388|,A|upstream_gene_variant|MODIFIER|rod-1|WBGene00018900|transcript|F55G1.4.2|protein_coding||c.-3475G>A|||||3443|,A|downstream_gene_variant|MODIFIER|F55G1.9|WBGene00018904|transcript|F55G1.9.1|protein_coding||c.*1536C>T|||||1443|,A|downstream_gene_variant|MODIFIER|F55G1.9|WBGene00018904|transcript|F55G1.9.2|protein_coding||c.*1536C>T|||||1443|",GT:GQ:DP:AD:VAF:PL,.,.,.,.,.,.,.,.,.,.,.,.,.,.,"1/1:10:5:0,5:1:28,9,0"
chrIV,7701489,.,T,C,9,PASS,"ANN=C|upstream_gene_variant|MODIFIER|flp-13|WBGene00001456|transcript|F33D4.3.1|protein_coding||c.-3121A>G|||||3069|,C|downstream_gene_variant|MODIFIER|itr-1|WBGene00002173|transcript|F33D4.2a.1|protein_coding||c.*4786T>C|||||4568|,C|downstream_gene_variant|MODIFIER|F33D4.11|WBGene00195932|transcript|F33D4.11|lincRNA||n.*728T>C|||||728|,C|downstream_gene_variant|MODIFIER|F33D4.4|WBGene00017996|transcript|F33D4.4.1|protein_coding||c.*2719A>G|||||2384|,C|downstream_gene_variant|MODIFIER|itr-1|WBGene00002173|transcript|F33D4.2d.1|protein_coding||c.*4786T>C|||||4568|,C|downstream_gene_variant|MODIFIER|itr-1|WBGene00002173|transcript|F33D4.2f.1|protein_coding||c.*4786T>C|||||4566|,C|downstream_gene_variant|MODIFIER|itr-1|WBGene00002173|transcript|F33D4.2e.1|protein_coding||c.*4786T>C|||||4568|,C|downstream_gene_variant|MODIFIER|itr-1|WBGene00002173|transcript|F33D4.2h.1|protein_coding||c.*4786T>C|||||4568|,C|downstream_gene_variant|MODIFIER|F33D4.4|WBGene00017996|transcript|F33D4.4.2|protein_coding||c.*2719A>G|||||2385|,C|intergenic_region|MODIFIER|F33D4.11-F33D4.4|WBGene00195932-WBGene00017996|intergenic_region|WBGene00195932-WBGene00017996|||n.7701489T>C||||||",GT:GQ:DP:AD:VAF:PL,.,.,.,.,.,.,.,.,.,.,.,.,.,.,"1/1:4:2:0,2:1:6,2,0"
chrIV,7853879,.,T,C,11.6,PASS,"ANN=C|synonymous_variant|LOW|C06A6.2|WBGene00015507|transcript|C06A6.2b.1|protein_coding|11/11|c.1959T>C|p.Thr653Thr|1971/2316|1959/2001|653/666||,C|synonymous_variant|LOW|C06A6.2|WBGene00015507|transcript|C06A6.2a.1|protein_coding|11/11|c.1950T>C|p.Thr650Thr|1962/2202|1950/1992|650/663||,C|synonymous_variant|LOW|C06A6.2|WBGene00015507|transcript|C06A6.2c.1|protein_coding|6/6|c.933T>C|p.Thr311Thr|933/1173|933/975|311/324||,C|synonymous_variant|LOW|C06A6.2|WBGene00015507|transcript|C06A6.2d.1|protein_coding|6/6|c.924T>C|p.Thr308Thr|924/1164|924/966|308/321||,C|synonymous_variant|LOW|C06A6.2|WBGene00015507|transcript|C06A6.2e.1|protein_coding|5/5|c.813T>C|p.Thr271Thr|895/1135|813/855|271/284||,C|synonymous_variant|LOW|C06A6.2|WBGene00015507|transcript|C06A6.2f.1|protein_coding|5/5|c.804T>C|p.Thr268Thr|850/1090|804/846|268/281||,C|upstream_gene_variant|MODIFIER|C06A6.13|WBGene00200283|transcript|C06A6.13|lincRNA||n.-4101A>G|||||4101|,C|upstream_gene_variant|MODIFIER|C06A6.10|WBGene00198222|transcript|C06A6.10|lincRNA||n.-2517A>G|||||2517|,C|downstream_gene_variant|MODIFIER|C06A6.12|WBGene00199573|transcript|C06A6.12|lincRNA||n.*4101T>C|||||4101|,C|downstream_gene_variant|MODIFIER|C06A6.11|WBGene00199496|transcript|C06A6.11|lincRNA||n.*2517T>C|||||2517|,C|downstream_gene_variant|MODIFIER|21ur-14877|WBGene00174763|transcript|T06C10.8|pseudogene||n.*1073A>G|||||1073|",GT:GQ:DP:AD:VAF:PL,.,.,.,.,.,.,.,.,.,.,.,.,.,.,"1/1:4:2:0,2:1:9,2,0"
chrIV,8054690,.,G,A,36.8,PASS,"ANN=A|upstream_gene_variant|MODIFIER|C26B2.13|WBGene00198739|transcript|C26B2.13|lincRNA||n.-2698C>T|||||2698|,A|upstream_gene_variant|MODIFIER|21ur-10726|WBGene00169162|transcript|C18F3.5|pseudogene||n.-1221G>A|||||1221|,A|upstream_gene_variant|MODIFIER|C18F3.8|WBGene00197695|transcript|C18F3.8|lincRNA||n.-4249G>A|||||4249|,A|intergenic_region|MODIFIER|C26B2.13-21ur-10726|WBGene00198739-WBGene00169162|intergenic_region|WBGene00198739-WBGene00169162|||n.8054690G>A||||||",GT:GQ:DP:AD:VAF:PL,.,.,.,.,.,.,.,.,.,.,.,.,.,.,"1/1:25:11:0,11:1:36,25,0"
chrIV,9047798,.,A,G,11.8,PASS,"ANN=G|upstream_gene_variant|MODIFIER|Y73F4A.2|WBGene00013515|transcript|Y73F4A.2.1|protein_coding||c.-4488T>C|||||4451|,G|upstream_gene_variant|MODIFIER|Y73F4A.1|WBGene00013514|transcript|Y73F4A.1.1|protein_coding||c.-2504T>C|||||2429|,G|intergenic_region|MODIFIER|Y73F4A.1-linc-157|WBGene00013514-WBGene00219626|intergenic_region|WBGene00013514-WBGene00219626|||n.9047798A>G||||||",GT:GQ:DP:AD:VAF:PL,.,.,.,.,.,.,.,.,.,.,.,.,.,.,"1/1:11:2:0,2:1:11,19,0"
chrIV,9484581,.,T,C,6.7,PASS,"ANN=C|missense_variant|MODERATE|gadr-2|WBGene00007887|transcript|C33A12.12.1|protein_coding|3/8|c.407A>G|p.Gln136Arg|464/2273|407/2199|136/732||,C|upstream_gene_variant|MODIFIER|cng-3|WBGene00000563|transcript|F38E11.12.1|protein_coding||c.-3622A>G|||||3544|,C|upstream_gene_variant|MODIFIER|sru-2|WBGene00005665|transcript|C33A12.13.1|protein_coding||c.-1691T>C|||||1691|,C|upstream_gene_variant|MODIFIER|sru-1|WBGene00005664|transcript|C33A12.14.1|protein_coding||c.-4089T>C|||||4089|",GT:GQ:DP:AD:VAF:PL,.,.,.,.,.,.,.,.,.,.,.,.,.,.,"1/1:3:2:0,2:1:3,2,0"
chrIV,10413502,.,T,C,11.5,PASS,"ANN=C|upstream_gene_variant|MODIFIER|R10H10.6|WBGene00011224|transcript|R10H10.6.1|protein_coding||c.-4025A>G|||||4025|,C|downstream_gene_variant|MODIFIER|gpa-7|WBGene00001669|transcript|R10H10.5.1|protein_coding||c.*5236T>C|||||4972|,C|downstream_gene_variant|MODIFIER|F13B12.6|WBGene00008733|transcript|F13B12.6.1|protein_coding||c.*1213A>G|||||528|,C|intron_variant|MODIFIER|R10H10.7|WBGene00011225|transcript|R10H10.7.1|protein_coding|1/8|c.140-27A>G||||||",GT:GQ:DP:AD:VAF:PL,.,.,.,.,.,.,.,.,.,.,.,.,.,.,"1/1:4:2:0,2:1:9,2,0"
chrIV,11075284,.,A,C,5.5,PASS,"ANN=C|downstream_gene_variant|MODIFIER|Y5F2A.3|WBGene00012384|transcript|Y5F2A.3|pseudogene||n.*4334A>C|||||4334|,C|downstream_gene_variant|MODIFIER|Y5F2A.4|WBGene00012385|transcript|Y5F2A.4.1|protein_coding||c.*892T>G|||||801|,C|downstream_gene_variant|MODIFIER|atg-7|WBGene00010882|transcript|M7.5.1|protein_coding||c.*3534T>G|||||3393|,C|intergenic_region|MODIFIER|Y5F2A.3-Y5F2A.4|WBGene00012384-WBGene00012385|intergenic_region|WBGene00012384-WBGene00012385|||n.11075284A>C||||||",GT:GQ:DP:AD:VAF:PL,.,.,.,.,.,.,.,.,.,.,.,.,.,.,"1/1:5:3:0,2:0.666667:3,14,0"
chrIV,11326626,.,A,G,5.9,PASS,"ANN=G|synonymous_variant|LOW|his-45|WBGene00001919|transcript|B0035.10.1|protein_coding|1/1|c.39A>G|p.Gly13Gly|70/534|39/411|13/136||,G|upstream_gene_variant|MODIFIER|his-47|WBGene00001921|transcript|B0035.7.1|protein_coding||c.-2187T>C|||||2156|,G|upstream_gene_variant|MODIFIER|his-46|WBGene00001920|transcript|B0035.9.1|protein_coding||c.-297T>C|||||297|,G|upstream_gene_variant|MODIFIER|B0035.21|WBGene00235095|transcript|B0035.21.1|protein_coding||c.-730A>G|||||730|,G|downstream_gene_variant|MODIFIER|edg-1|WBGene00007109|transcript|B0035.6.1|protein_coding||c.*3286A>G|||||2992|,G|downstream_gene_variant|MODIFIER|his-48|WBGene00001922|transcript|B0035.8.1|protein_coding||c.*1510A>G|||||1404|,G|downstream_gene_variant|MODIFIER|leo-1|WBGene00007110|transcript|B0035.11.1|protein_coding||c.*1140T>C|||||950|,G|downstream_gene_variant|MODIFIER|sart-3|WBGene00007111|transcript|B0035.12.1|protein_coding||c.*3138T>C|||||2856|,G|downstream_gene_variant|MODIFIER|sart-3|WBGene00007111|transcript|B0035.12.3|protein_coding||c.*3138T>C|||||2840|,G|downstream_gene_variant|MODIFIER|sart-3|WBGene00007111|transcript|B0035.12.2|protein_coding||c.*3138T>C|||||2856|,G|downstream_gene_variant|MODIFIER|sart-3|WBGene00007111|transcript|B0035.12.4|protein_coding||c.*3110T>C|||||2865|",GT:GQ:DP:AD:VAF:PL,.,.,.,.,.,.,.,.,.,.,.,.,.,.,"1/1:5:2:0,2:1:4,9,0"
chrIV,11761405,.,T,A,8.6,PASS,"ANN=A|upstream_gene_variant|MODIFIER|T12A7.2|WBGene00011723|transcript|T12A7.2b.1|protein_coding||c.-443A>T|||||341|,A|upstream_gene_variant|MODIFIER|T12A7.2|WBGene00011723|transcript|T12A7.2a.2|protein_coding||c.-2031A>T|||||2009|,A|upstream_gene_variant|MODIFIER|T12A7.2|WBGene00011723|transcript|T12A7.2b.2|protein_coding||c.-2031A>T|||||2009|,A|upstream_gene_variant|MODIFIER|T12A7.2|WBGene00011723|transcript|T12A7.2c.2|protein_coding||c.-2031A>T|||||2009|,A|upstream_gene_variant|MODIFIER|T12A7.2|WBGene00011723|transcript|T12A7.2a.1|protein_coding||c.-443A>T|||||341|,A|upstream_gene_variant|MODIFIER|T12A7.2|WBGene00011723|transcript|T12A7.2c.1|protein_coding||c.-443A>T|||||341|,A|intergenic_region|MODIFIER|T12A7.2-lips-5|WBGene00011723-WBGene00011725|intergenic_region|WBGene00011723-WBGene00011725|||n.11761405T>A||||||",GT:GQ:DP:AD:VAF:PL,.,.,.,.,.,.,.,.,.,.,.,.,.,.,"1/1:3:2:0,2:1:5,2,0"
chrIV,11775711,.,A,G,3.8,PASS,"ANN=G|upstream_gene_variant|MODIFIER|lips-5|WBGene00011725|transcript|T12A7.4d.1|protein_coding||c.-2075T>C|||||1969|,G|upstream_gene_variant|MODIFIER|lpr-2|WBGene00011726|transcript|T12A7.5.1|protein_coding||c.-3584A>G|||||3505|,G|upstream_gene_variant|MODIFIER|lips-5|WBGene00011725|transcript|T12A7.4a.1|protein_coding||c.-2075T>C|||||1969|,G|upstream_gene_variant|MODIFIER|lips-5|WBGene00011725|transcript|T12A7.4c.1|protein_coding||c.-2075T>C|||||1969|,G|intergenic_region|MODIFIER|lips-5-lpr-2|WBGene00011725-WBGene00011726|intergenic_region|WBGene00011725-WBGene00011726|||n.11775711A>G||||||",GT:GQ:DP:AD:VAF:PL,.,.,.,.,.,.,.,.,.,.,.,.,.,.,"1/1:3:2:0,2:1:0,6,0"
chrIV,12060081,.,T,A,10.3,PASS,"ANN=A|upstream_gene_variant|MODIFIER|K08E4.2|WBGene00010666|transcript|K08E4.2a.1|protein_coding||c.-3440A>T|||||3425|,A|upstream_gene_variant|MODIFIER|K08E4.12|WBGene00200706|transcript|K08E4.12|lincRNA||n.-2375A>T|||||2375|,A|upstream_gene_variant|MODIFIER|K08E4.10|WBGene00198475|transcript|K08E4.10|lincRNA||n.-1864A>T|||||1864|,A|upstream_gene_variant|MODIFIER|K08E4.11|WBGene00199487|transcript|K08E4.11|lincRNA||n.-1041A>T|||||1041|,A|upstream_gene_variant|MODIFIER|21ur-11438|WBGene00172658|transcript|K08E4.9|pseudogene||n.-2062T>A|||||2062|,A|upstream_gene_variant|MODIFIER|K08E4.2|WBGene00010666|transcript|K08E4.2b.1|protein_coding||c.-3617A>T|||||3617|,A|downstream_gene_variant|MODIFIER|spt-5|WBGene00005015|transcript|K08E4.1.1|protein_coding||c.*4531T>A|||||4335|,A|downstream_gene_variant|MODIFIER|K08E4.3|WBGene00010667|transcript|K08E4.3b.1|protein_coding||c.*288T>A|||||130|,A|downstream_gene_variant|MODIFIER|K08E4.8|WBGene00045283|transcript|K08E4.8.1|protein_coding||c.*316A>T|||||316|,A|downstream_gene_variant|MODIFIER|spt-5|WBGene00005015|transcript|K08E4.1.2|protein_coding||c.*4531T>A|||||4296|,A|downstream_gene_variant|MODIFIER|K08E4.3|WBGene00010667|transcript|K08E4.3a.1|protein_coding||c.*441T>A|||||130|,A|intergenic_region|MODIFIER|K08E4.3-K08E4.8|WBGene00010667-WBGene00045283|intergenic_region|WBGene00010667-WBGene00045283|||n.12060081T>A||||||",GT:GQ:DP:AD:VAF:PL,.,.,.,.,.,.,.,.,.,.,.,.,.,.,"1/1:4:2:0,2:1:8,2,0"
chrIV,12630383,.,T,TA,17.2,PASS,"ANN=TA|intron_variant|MODIFIER|ark-1|WBGene00000186|transcript|C01C7.1a.1|protein_coding|2/11|c.161-116dupT||||||,TA|intron_variant|MODIFIER|ark-1|WBGene00000186|transcript|C01C7.1b.1|protein_coding|2/11|c.161-116dupT||||||",GT:GQ:DP:AD:VAF:PL,.,.,.,.,.,.,.,.,.,.,.,.,.,.,"1/1:4:3:1,2:0.666667:14,1,0"
chrIV,13126610,.,A,T,9,PASS,"ANN=T|upstream_gene_variant|MODIFIER|B0564.6|WBGene00007206|transcript|B0564.6.1|protein_coding||c.-3830A>T|||||3830|,T|downstream_gene_variant|MODIFIER|unc-30|WBGene00006766|transcript|B0564.10b.1|protein_coding||c.*2355A>T|||||2294|,T|downstream_gene_variant|MODIFIER|unc-30|WBGene00006766|transcript|B0564.10a.1|protein_coding||c.*2355A>T|||||2223|,T|downstream_gene_variant|MODIFIER|unc-30|WBGene00006766|transcript|B0564.10c.1|protein_coding||c.*2355A>T|||||2294|,T|downstream_gene_variant|MODIFIER|unc-30|WBGene00006766|transcript|B0564.10d.1|protein_coding||c.*2355A>T|||||2294|,T|intergenic_region|MODIFIER|unc-30-B0564.6|WBGene00006766-WBGene00007206|intergenic_region|WBGene00006766-WBGene00007206|||n.13126610A>T||||||",GT:GQ:DP:AD:VAF:PL,.,.,.,.,.,.,.,.,.,.,.,.,.,.,"1/1:4:2:0,2:1:6,2,0"
chrIV,13640786,.,C,T,30.3,PASS,"ANN=T|missense_variant|MODERATE|ugt-22|WBGene00007455|transcript|C08F11.8.1|protein_coding|3/10|c.374C>T|p.Ser125Phe|464/2055|374/1605|125/534||,T|missense_variant|MODERATE|ugt-22|WBGene00007455|transcript|C08F11.8.2|protein_coding|4/11|c.374C>T|p.Ser125Phe|420/1994|374/1605|125/534||,T|upstream_gene_variant|MODIFIER|C08F11.6|WBGene00014672|transcript|C08F11.6|pseudogene||n.-3811G>A|||||3811|,T|upstream_gene_variant|MODIFIER|21ur-15276|WBGene00169567|transcript|C08F11.88|pseudogene||n.-1722G>A|||||1722|,T|upstream_gene_variant|MODIFIER|21ur-8299|WBGene00165037|transcript|C08F11.55|pseudogene||n.-1055G>A|||||1055|,T|upstream_gene_variant|MODIFIER|21ur-3204|WBGene00047415|transcript|C08F11.35|pseudogene||n.-829G>A|||||829|,T|upstream_gene_variant|MODIFIER|21ur-14412|WBGene00173934|transcript|C08F11.109|pseudogene||n.-824G>A|||||824|,T|upstream_gene_variant|MODIFIER|21ur-12469|WBGene00174456|transcript|C08F11.113|pseudogene||n.-633G>A|||||633|,T|upstream_gene_variant|MODIFIER|21ur-11484|WBGene00173476|transcript|C08F11.106|pseudogene||n.-457G>A|||||457|,T|upstream_gene_variant|MODIFIER|21ur-6295|WBGene00166967|transcript|C08F11.63|pseudogene||n.-155G>A|||||155|,T|upstream_gene_variant|MODIFIER|21ur-13796|WBGene00167532|transcript|C08F11.71|pseudogene||n.-154G>A|||||154|,T|upstream_gene_variant|MODIFIER|21ur-13583|WBGene00169714|transcript|C08F11.90|pseudogene||n.-614C>T|||||614|,T|upstream_gene_variant|MODIFIER|21ur-6806|WBGene00167673|transcript|C08F11.73|pseudogene||n.-2286C>T|||||2286|,T|upstream_gene_variant|MODIFIER|21ur-7217|WBGene00171916|transcript|C08F11.98|pseudogene||n.-3059C>T|||||3059|,T|upstream_gene_variant|MODIFIER|21ur-4206|WBGene00049149|transcript|C08F11.46|pseudogene||n.-3449C>T|||||3449|,T|upstream_gene_variant|MODIFIER|21ur-4710|WBGene00047784|transcript|C08F11.39|pseudogene||n.-3452C>T|||||3452|,T|upstream_gene_variant|MODIFIER|21ur-13618|WBGene00166865|transcript|C08F11.62|pseudogene||n.-3653C>T|||||3653|,T|upstream_gene_variant|MODIFIER|21ur-13222|WBGene00173707|transcript|C08F11.108|pseudogene||n.-4222C>T|||||4222|,T|upstream_gene_variant|MODIFIER|21ur-6587|WBGene00172064|transcript|C08F11.99|pseudogene||n.-4659C>T|||||4659|,T|downstream_gene_variant|MODIFIER|C08F11.7|WBGene00007454|transcript|C08F11.7.1|protein_coding||c.*2261C>T|||||2261|,T|downstream_gene_variant|MODIFIER|21ur-2202|WBGene00048335|transcript|C08F11.42|pseudogene||n.*1726C>T|||||1726|,T|downstream_gene_variant|MODIFIER|21ur-10882|WBGene00167820|transcript|C08F11.74|pseudogene||n.*94G>A|||||94|,T|downstream_gene_variant|MODIFIER|21ur-5868|WBGene00174335|transcript|C08F11.112|pseudogene||n.*243G>A|||||243|,T|downstream_gene_variant|MODIFIER|21ur-4647|WBGene00049183|transcript|C08F11.47|pseudogene||n.*464G>A|||||464|,T|downstream_gene_variant|MODIFIER|21ur-8129|WBGene00165219|transcript|C08F11.56|pseudogene||n.*1115G>A|||||1115|,T|downstream_gene_variant|MODIFIER|21ur-15123|WBGene00167167|transcript|C08F11.66|pseudogene||n.*1119G>A|||||1119|,T|downstream_gene_variant|MODIFIER|21ur-1672|WBGene00049759|transcript|C08F11.51|pseudogene||n.*2621G>A|||||2621|,T|downstream_gene_variant|MODIFIER|srz-29|WBGene00007456|transcript|C08F11.9.1|protein_coding||c.*3677G>A|||||3677|",GT:GQ:DP:AD:VAF:PL,.,.,.,.,.,.,.,.,.,.,.,.,.,.,"1/1:9:4:0,4:1:29,7,0"
chrIV,14560216,.,C,CAA,6.8,PASS,"ANN=CAA|upstream_gene_variant|MODIFIER|21ur-1934|WBGene00046055|transcript|Y57G11B.20|pseudogene||n.-4538_-4537insTT|||||4538|,CAA|upstream_gene_variant|MODIFIER|21ur-11766|WBGene00166393|transcript|Y57G11B.121|pseudogene||n.-4535_-4534insTT|||||4535|,CAA|upstream_gene_variant|MODIFIER|21ur-9028|WBGene00170364|transcript|Y57G11B.180|pseudogene||n.-4052_-4051insTT|||||4052|,CAA|upstream_gene_variant|MODIFIER|21ur-6481|WBGene00169051|transcript|Y57G11B.162|pseudogene||n.-3573_-3572insTT|||||3573|,CAA|upstream_gene_variant|MODIFIER|21ur-3862|WBGene00050329|transcript|Y57G11B.90|pseudogene||n.-2496_-2495insTT|||||2496|,CAA|upstream_gene_variant|MODIFIER|21ur-10815|WBGene00165569|transcript|Y57G11B.105|pseudogene||n.-1989_-1988insTT|||||1989|,CAA|upstream_gene_variant|MODIFIER|21ur-7542|WBGene00172035|transcript|Y57G11B.196|pseudogene||n.-1549_-1548insTT|||||1549|,CAA|upstream_gene_variant|MODIFIER|21ur-5292|WBGene00047469|transcript|Y57G11B.42|pseudogene||n.-233_-232insAA|||||232|,CAA|upstream_gene_variant|MODIFIER|21ur-2859|WBGene00045977|transcript|Y57G11B.18|pseudogene||n.-234_-233insAA|||||233|,CAA|upstream_gene_variant|MODIFIER|21ur-5590|WBGene00167501|transcript|Y57G11B.139|pseudogene||n.-835_-834insAA|||||834|,CAA|upstream_gene_variant|MODIFIER|21ur-2148|WBGene00045536|transcript|Y57G11B.9|pseudogene||n.-933_-932insAA|||||932|,CAA|upstream_gene_variant|MODIFIER|21ur-8761|WBGene00171546|transcript|Y57G11B.190|pseudogene||n.-980_-979insAA|||||979|,CAA|upstream_gene_variant|MODIFIER|21ur-2040|WBGene00046587|transcript|Y57G11B.31|pseudogene||n.-1215_-1214insAA|||||1214|,CAA|upstream_gene_variant|MODIFIER|21ur-8524|WBGene00169010|transcript|Y57G11B.161|pseudogene||n.-1476_-1475insAA|||||1475|,CAA|upstream_gene_variant|MODIFIER|21ur-4285|WBGene00048863|transcript|Y57G11B.68|pseudogene||n.-2536_-2535insAA|||||2535|,CAA|upstream_gene_variant|MODIFIER|21ur-5333|WBGene00048314|transcript|Y57G11B.55|pseudogene||n.-2537_-2536insAA|||||2536|,CAA|upstream_gene_variant|MODIFIER|21ur-6852|WBGene00172789|transcript|Y57G11B.201|pseudogene||n.-3205_-3204insAA|||||3204|,CAA|upstream_gene_variant|MODIFIER|21ur-13039|WBGene00165366|transcript|Y57G11B.102|pseudogene||n.-3528_-3527insAA|||||3527|,CAA|upstream_gene_variant|MODIFIER|21ur-1233|WBGene00049566|transcript|Y57G11B.76|pseudogene||n.-3529_-3528insAA|||||3528|,CAA|upstream_gene_variant|MODIFIER|21ur-14571|WBGene00167760|transcript|Y57G11B.145|pseudogene||n.-3859_-3858insAA|||||3858|,CAA|upstream_gene_variant|MODIFIER|21ur-151|WBGene00048622|transcript|Y57G11B.62|pseudogene||n.-3860_-3859insAA|||||3859|,CAA|upstream_gene_variant|MODIFIER|21ur-4712|WBGene00046360|transcript|Y57G11B.26|pseudogene||n.-4064_-4063insAA|||||4063|,CAA|upstream_gene_variant|MODIFIER|21ur-3373|WBGene00045990|transcript|Y57G11B.19|pseudogene||n.-4912_-4911insAA|||||4911|,CAA|downstream_gene_variant|MODIFIER|21ur-12531|WBGene00168267|transcript|Y57G11B.151|pseudogene||n.*4991_*4992insAA|||||4992|,CAA|downstream_gene_variant|MODIFIER|21ur-8887|WBGene00168816|transcript|Y57G11B.160|pseudogene||n.*4897_*4898insAA|||||4898|,CAA|downstream_gene_variant|MODIFIER|21ur-2889|WBGene00047531|transcript|Y57G11B.44|pseudogene||n.*4084_*4085insAA|||||4085|,CAA|downstream_gene_variant|MODIFIER|21ur-11209|WBGene00168653|transcript|Y57G11B.157|pseudogene||n.*3163_*3164insAA|||||3164|,CAA|downstream_gene_variant|MODIFIER|21ur-10242|WBGene00167206|transcript|Y57G11B.135|pseudogene||n.*3100_*3101insAA|||||3101|,CAA|downstream_gene_variant|MODIFIER|21ur-11008|WBGene00166707|transcript|Y57G11B.127|pseudogene||n.*3099_*3100insAA|||||3100|,CAA|downstream_gene_variant|MODIFIER|21ur-3813|WBGene00050565|transcript|Y57G11B.93|pseudogene||n.*2857_*2858insAA|||||2858|,CAA|downstream_gene_variant|MODIFIER|21ur-1200|WBGene00049858|transcript|Y57G11B.85|pseudogene||n.*1825_*1826insAA|||||1826|,CAA|downstream_gene_variant|MODIFIER|21ur-5789|WBGene00174206|transcript|Y57G11B.213|pseudogene||n.*1402_*1403insAA|||||1403|,CAA|downstream_gene_variant|MODIFIER|21ur-11879|WBGene00166877|transcript|Y57G11B.130|pseudogene||n.*1266_*1267insAA|||||1267|,CAA|downstream_gene_variant|MODIFIER|21ur-11961|WBGene00171792|transcript|Y57G11B.193|pseudogene||n.*1265_*1266insAA|||||1266|,CAA|downstream_gene_variant|MODIFIER|21ur-11862|WBGene00166451|transcript|Y57G11B.122|pseudogene||n.*1048_*1049insAA|||||1049|,CAA|downstream_gene_variant|MODIFIER|21ur-8495|WBGene00170392|transcript|Y57G11B.181|pseudogene||n.*949_*950insAA|||||950|,CAA|downstream_gene_variant|MODIFIER|21ur-481|WBGene00045697|transcript|Y57G11B.11|pseudogene||n.*849_*850insAA|||||850|,CAA|downstream_gene_variant|MODIFIER|21ur-12749|WBGene00167704|transcript|Y57G11B.143|pseudogene||n.*270_*271insAA|||||271|,CAA|downstream_gene_variant|MODIFIER|21ur-1944|WBGene00048957|transcript|Y57G11B.70|pseudogene||n.*269_*270insAA|||||270|,CAA|downstream_gene_variant|MODIFIER|21ur-13712|WBGene00165645|transcript|Y57G11B.108|pseudogene||n.*264_*265insAA|||||265|,CAA|downstream_gene_variant|MODIFIER|21ur-583|WBGene00046546|transcript|Y57G11B.30|pseudogene||n.*81_*82insAA|||||82|,CAA|downstream_gene_variant|MODIFIER|21ur-9586|WBGene00166582|transcript|Y57G11B.125|pseudogene||n.*38_*39insTT|||||38|,CAA|downstream_gene_variant|MODIFIER|21ur-13539|WBGene00166277|transcript|Y57G11B.118|pseudogene||n.*1005_*1006insTT|||||1005|,CAA|downstream_gene_variant|MODIFIER|21ur-6561|WBGene00169059|transcript|Y57G11B.163|pseudogene||n.*1914_*1915insTT|||||1914|,CAA|downstream_gene_variant|MODIFIER|21ur-7665|WBGene00166466|transcript|Y57G11B.123|pseudogene||n.*2403_*2404insTT|||||2403|,CAA|downstream_gene_variant|MODIFIER|21ur-8444|WBGene00174756|transcript|Y57G11B.221|pseudogene||n.*3226_*3227insTT|||||3226|,CAA|downstream_gene_variant|MODIFIER|21ur-15471|WBGene00169533|transcript|Y57G11B.170|pseudogene||n.*3509_*3510insTT|||||3509|,CAA|downstream_gene_variant|MODIFIER|21ur-5879|WBGene00167483|transcript|Y57G11B.138|pseudogene||n.*3512_*3513insTT|||||3512|,CAA|downstream_gene_variant|MODIFIER|21ur-4236|WBGene00046202|transcript|Y57G11B.23|pseudogene||n.*3791_*3792insTT|||||3791|,CAA|intergenic_region|MODIFIER|21ur-583-21ur-9586|WBGene00046546-WBGene00166582|intergenic_region|WBGene00046546-WBGene00166582|||n.14560216_14560217insAA||||||",GT:GQ:DP:AD:VAF:PL,.,.,.,.,.,.,.,.,.,.,.,.,.,.,"1/1:2:3:0,2:0.666667:2,0,0"
chrIV,14784442,.,AT,A,9.1,PASS,"ANN=A|upstream_gene_variant|MODIFIER|Y57G11C.57|WBGene00045311|transcript|Y57G11C.57|pseudogene||n.-3177delA|||||3177|,A|upstream_gene_variant|MODIFIER|nlp-56|WBGene00013334|transcript|Y57G11C.45c.1|protein_coding||c.-224delA|||||224|,A|upstream_gene_variant|MODIFIER|Y57G11C.9|WBGene00013307|transcript|Y57G11C.9b.1|protein_coding||c.-2741delT|||||2725|,A|upstream_gene_variant|MODIFIER|nlp-56|WBGene00013334|transcript|Y57G11C.45b.1|protein_coding||c.-224delA|||||191|,A|upstream_gene_variant|MODIFIER|nlp-56|WBGene00013334|transcript|Y57G11C.45a.1|protein_coding||c.-224delA|||||224|,A|upstream_gene_variant|MODIFIER|Y57G11C.9|WBGene00013307|transcript|Y57G11C.9a.1|protein_coding||c.-2741delT|||||2725|,A|upstream_gene_variant|MODIFIER|Y57G11C.9|WBGene00013307|transcript|Y57G11C.9c.1|protein_coding||c.-2741delT|||||2725|,A|upstream_gene_variant|MODIFIER|Y57G11C.9|WBGene00013307|transcript|Y57G11C.9c.2|protein_coding||c.-2741delT|||||2725|,A|upstream_gene_variant|MODIFIER|Y57G11C.9|WBGene00013307|transcript|Y57G11C.9c.3|protein_coding||c.-2741delT|||||2725|,A|upstream_gene_variant|MODIFIER|Y57G11C.9|WBGene00013307|transcript|Y57G11C.9c.4|protein_coding||c.-2741delT|||||2725|,A|upstream_gene_variant|MODIFIER|Y57G11C.9|WBGene00013307|transcript|Y57G11C.9d.1|protein_coding||c.-4961delT|||||2725|,A|upstream_gene_variant|MODIFIER|Y57G11C.9|WBGene00013307|transcript|Y57G11C.9d.2|protein_coding||c.-4375delT|||||2725|,A|upstream_gene_variant|MODIFIER|Y57G11C.9|WBGene00013307|transcript|Y57G11C.9d.3|protein_coding||c.-4839delT|||||2725|,A|upstream_gene_variant|MODIFIER|Y57G11C.9|WBGene00013307|transcript|Y57G11C.9d.4|protein_coding||c.-4623delT|||||2725|,A|upstream_gene_variant|MODIFIER|Y57G11C.9|WBGene00013307|transcript|Y57G11C.9d.5|protein_coding||c.-4745delT|||||2725|,A|upstream_gene_variant|MODIFIER|Y57G11C.9|WBGene00013307|transcript|Y57G11C.9d.6|protein_coding||c.-4591delT|||||2725|,A|downstream_gene_variant|MODIFIER|Y57G11C.1141|WBGene00202179|transcript|Y57G11C.1141|lincRNA||n.*3753delT|||||3753|,A|downstream_gene_variant|MODIFIER|Y57G11C.1145|WBGene00220185|transcript|Y57G11C.1145|snoRNA||n.*3510delT|||||3510|,A|downstream_gene_variant|MODIFIER|Y57G11C.8|WBGene00013306|transcript|Y57G11C.8.1|protein_coding||c.*1728delT|||||1712|,A|downstream_gene_variant|MODIFIER|Y57G11C.1130|WBGene00194649|transcript|Y57G11C.1130.1|protein_coding||c.*1126delT|||||1101|,A|intergenic_region|MODIFIER|nlp-56-Y57G11C.9|WBGene00013334-WBGene00013307|intergenic_region|WBGene00013334-WBGene00013307|||n.14784443delT||||||",GT:GQ:DP:AD:VAF:PL,.,.,.,.,.,.,.,.,.,.,.,.,.,.,"1/1:3:2:0,2:1:6,1,0"
chrIV,15152851,.,A,G,14.6,PASS,"ANN=G|upstream_gene_variant|MODIFIER|21ur-11195|WBGene00171996|transcript|Y40H7A.263|pseudogene||n.-4260T>C|||||4260|,G|upstream_gene_variant|MODIFIER|21ur-5001|WBGene00046164|transcript|Y40H7A.39|pseudogene||n.-4259T>C|||||4259|,G|upstream_gene_variant|MODIFIER|21ur-10552|WBGene00174387|transcript|Y40H7A.302|pseudogene||n.-4258T>C|||||4258|,G|upstream_gene_variant|MODIFIER|21ur-8229|WBGene00165053|transcript|Y40H7A.152|pseudogene||n.-3465T>C|||||3465|,G|upstream_gene_variant|MODIFIER|21ur-2125|WBGene00048896|transcript|Y40H7A.102|pseudogene||n.-3464T>C|||||3464|,G|upstream_gene_variant|MODIFIER|21ur-10193|WBGene00165169|transcript|Y40H7A.155|pseudogene||n.-2312T>C|||||2312|,G|upstream_gene_variant|MODIFIER|21ur-609|WBGene00048015|transcript|Y40H7A.80|pseudogene||n.-2311T>C|||||2311|,G|upstream_gene_variant|MODIFIER|21ur-3308|WBGene00050058|transcript|Y40H7A.129|pseudogene||n.-1956T>C|||||1956|,G|upstream_gene_variant|MODIFIER|21ur-5785|WBGene00167013|transcript|Y40H7A.181|pseudogene||n.-1674T>C|||||1674|,G|upstream_gene_variant|MODIFIER|21ur-7486|WBGene00170764|transcript|Y40H7A.250|pseudogene||n.-1673T>C|||||1673|,G|upstream_gene_variant|MODIFIER|21ur-638|WBGene00047807|transcript|Y40H7A.73|pseudogene||n.-1013T>C|||||1013|,G|upstream_gene_variant|MODIFIER|21ur-11760|WBGene00171959|transcript|Y40H7A.262|pseudogene||n.-1010T>C|||||1010|,G|upstream_gene_variant|MODIFIER|21ur-1267|WBGene00047915|transcript|Y40H7A.76|pseudogene||n.-818T>C|||||818|,G|upstream_gene_variant|MODIFIER|21ur-1848|WBGene00049851|transcript|Y40H7A.125|pseudogene||n.-439T>C|||||439|,G|upstream_gene_variant|MODIFIER|21ur-749|WBGene00048179|transcript|Y40H7A.84|pseudogene||n.-436T>C|||||436|,G|upstream_gene_variant|MODIFIER|21ur-7214|WBGene00172850|transcript|Y40H7A.277|pseudogene||n.-435T>C|||||435|,G|upstream_gene_variant|MODIFIER|21ur-14653|WBGene00172547|transcript|Y40H7A.274|pseudogene||n.-2354A>G|||||2354|,G|upstream_gene_variant|MODIFIER|21ur-10738|WBGene00172226|transcript|Y40H7A.269|pseudogene||n.-2362A>G|||||2362|,G|upstream_gene_variant|MODIFIER|21ur-3787|WBGene00049831|transcript|Y40H7A.123|pseudogene||n.-2529A>G|||||2529|,G|upstream_gene_variant|MODIFIER|Y40H7A.2|WBGene00012742|transcript|Y40H7A.2a.1|protein_coding||c.-3804A>G|||||3804|,G|upstream_gene_variant|MODIFIER|Y40H7A.2|WBGene00012742|transcript|Y40H7A.2b.1|protein_coding||c.-4434A>G|||||4434|,G|downstream_gene_variant|MODIFIER|21ur-5060|WBGene00050330|transcript|Y40H7A.133|pseudogene||n.*3026A>G|||||3026|,G|downstream_gene_variant|MODIFIER|21ur-4669|WBGene00045878|transcript|Y40H7A.31|pseudogene||n.*2110A>G|||||2110|,G|downstream_gene_variant|MODIFIER|21ur-7830|WBGene00174704|transcript|Y40H7A.305|pseudogene||n.*1481A>G|||||1481|,G|downstream_gene_variant|MODIFIER|21ur-14937|WBGene00168005|transcript|Y40H7A.203|pseudogene||n.*1475A>G|||||1475|,G|downstream_gene_variant|MODIFIER|21ur-1126|WBGene00045721|transcript|Y40H7A.23|pseudogene||n.*1298A>G|||||1298|,G|downstream_gene_variant|MODIFIER|21ur-13764|WBGene00174779|transcript|Y40H7A.306|pseudogene||n.*359A>G|||||359|,G|downstream_gene_variant|MODIFIER|21ur-15694|WBGene00166116|transcript|Y40H7A.172|pseudogene||n.*2834T>C|||||2834|,G|downstream_gene_variant|MODIFIER|21ur-6583|WBGene00170415|transcript|Y40H7A.245|pseudogene||n.*2835T>C|||||2835|,G|downstream_gene_variant|MODIFIER|21ur-15631|WBGene00171030|transcript|Y40H7A.257|pseudogene||n.*2978T>C|||||2978|,G|downstream_gene_variant|MODIFIER|21ur-10755|WBGene00169679|transcript|Y40H7A.227|pseudogene||n.*2981T>C|||||2981|,G|downstream_gene_variant|MODIFIER|21ur-6119|WBGene00171047|transcript|Y40H7A.258|pseudogene||n.*3148T>C|||||3148|,G|downstream_gene_variant|MODIFIER|21ur-8292|WBGene00174186|transcript|Y40H7A.296|pseudogene||n.*3497T>C|||||3497|,G|intergenic_region|MODIFIER|21ur-13764-21ur-14653|WBGene00174779-WBGene00172547|intergenic_region|WBGene00174779-WBGene00172547|||n.15152851A>G||||||",GT:GQ:DP:AD:VAF:PL,.,.,.,.,.,.,.,.,.,.,.,.,.,.,"1/1:11:2:0,2:1:14,13,0"
chrIV,15918334,.,T,C,8.7,PASS,"ANN=C|upstream_gene_variant|MODIFIER|21ur-12704|WBGene00165614|transcript|Y105C5B.656|pseudogene||n.-2065A>G|||||2065|,C|upstream_gene_variant|MODIFIER|21ur-13824|WBGene00174598|transcript|Y105C5B.1380|pseudogene||n.-2064A>G|||||2064|,C|upstream_gene_variant|MODIFIER|21ur-10965|WBGene00169454|transcript|Y105C5B.961|pseudogene||n.-1851A>G|||||1851|,C|upstream_gene_variant|MODIFIER|21ur-4062|WBGene00046600|transcript|Y105C5B.137|pseudogene||n.-1729A>G|||||1729|,C|upstream_gene_variant|MODIFIER|21ur-9412|WBGene00170312|transcript|Y105C5B.1030|pseudogene||n.-1728A>G|||||1728|,C|upstream_gene_variant|MODIFIER|21ur-3851|WBGene00049874|transcript|Y105C5B.495|pseudogene||n.-1051A>G|||||1051|,C|upstream_gene_variant|MODIFIER|21ur-4004|WBGene00046446|transcript|Y105C5B.118|pseudogene||n.-228A>G|||||228|,C|upstream_gene_variant|MODIFIER|21ur-6949|WBGene00173441|transcript|Y105C5B.1278|pseudogene||n.-22T>C|||||22|,C|upstream_gene_variant|MODIFIER|21ur-4985|WBGene00045846|transcript|Y105C5B.57|pseudogene||n.-560T>C|||||560|,C|upstream_gene_variant|MODIFIER|21ur-3546|WBGene00046653|transcript|Y105C5B.141|pseudogene||n.-721T>C|||||721|,C|upstream_gene_variant|MODIFIER|21ur-10519|WBGene00167371|transcript|Y105C5B.778|pseudogene||n.-1847T>C|||||1847|,C|upstream_gene_variant|MODIFIER|21ur-8820|WBGene00174180|transcript|Y105C5B.1343|pseudogene||n.-1848T>C|||||1848|,C|upstream_gene_variant|MODIFIER|21ur-2945|WBGene00046022|transcript|Y105C5B.75|pseudogene||n.-2245T>C|||||2245|,C|upstream_gene_variant|MODIFIER|21ur-13098|WBGene00173732|transcript|Y105C5B.1299|pseudogene||n.-2659T>C|||||2659|,C|upstream_gene_variant|MODIFIER|21ur-1361|WBGene00047794|transcript|Y105C5B.268|pseudogene||n.-2660T>C|||||2660|,C|upstream_gene_variant|MODIFIER|21ur-13660|WBGene00172197|transcript|Y105C5B.1177|pseudogene||n.-3895T>C|||||3895|,C|downstream_gene_variant|MODIFIER|21ur-12409|WBGene00168051|transcript|Y105C5B.845|pseudogene||n.*4401T>C|||||4401|,C|downstream_gene_variant|MODIFIER|21ur-3152|WBGene00047894|transcript|Y105C5B.277|pseudogene||n.*4398T>C|||||4398|,C|downstream_gene_variant|MODIFIER|21ur-6033|WBGene00171879|transcript|Y105C5B.1158|pseudogene||n.*3954T>C|||||3954|,C|downstream_gene_variant|MODIFIER|21ur-14711|WBGene00165785|transcript|Y105C5B.669|pseudogene||n.*3953T>C|||||3953|,C|downstream_gene_variant|MODIFIER|21ur-9357|WBGene00171490|transcript|Y105C5B.1127|pseudogene||n.*3844T>C|||||3844|,C|downstream_gene_variant|MODIFIER|21ur-8845|WBGene00169529|transcript|Y105C5B.965|pseudogene||n.*3603T>C|||||3603|,C|downstream_gene_variant|MODIFIER|21ur-7235|WBGene00171851|transcript|Y105C5B.1157|pseudogene||n.*3602T>C|||||3602|,C|downstream_gene_variant|MODIFIER|21ur-6453|WBGene00172386|transcript|Y105C5B.1193|pseudogene||n.*3600T>C|||||3600|,C|downstream_gene_variant|MODIFIER|21ur-2059|WBGene00047524|transcript|Y105C5B.235|pseudogene||n.*3599T>C|||||3599|,C|downstream_gene_variant|MODIFIER|21ur-1460|WBGene00046397|transcript|Y105C5B.113|pseudogene||n.*3489T>C|||||3489|,C|downstream_gene_variant|MODIFIER|21ur-15668|WBGene00167876|transcript|Y105C5B.826|pseudogene||n.*3266T>C|||||3266|,C|downstream_gene_variant|MODIFIER|21ur-9448|WBGene00172815|transcript|Y105C5B.1231|pseudogene||n.*2875T>C|||||2875|,C|downstream_gene_variant|MODIFIER|21ur-5942|WBGene00165981|transcript|Y105C5B.678|pseudogene||n.*2609T>C|||||2609|,C|downstream_gene_variant|MODIFIER|21ur-12601|WBGene00174464|transcript|Y105C5B.1367|pseudogene||n.*799T>C|||||799|,C|downstream_gene_variant|MODIFIER|21ur-8929|WBGene00167248|transcript|Y105C5B.771|pseudogene||n.*798T>C|||||798|,C|downstream_gene_variant|MODIFIER|21ur-6840|WBGene00166320|transcript|Y105C5B.708|pseudogene||n.*560T>C|||||560|,C|downstream_gene_variant|MODIFIER|21ur-11965|WBGene00168427|transcript|Y105C5B.877|pseudogene||n.*85T>C|||||85|,C|downstream_gene_variant|MODIFIER|21ur-11899|WBGene00170107|transcript|Y105C5B.1016|pseudogene||n.*82T>C|||||82|,C|downstream_gene_variant|MODIFIER|21ur-5822|WBGene00166256|transcript|Y105C5B.703|pseudogene||n.*81T>C|||||81|,C|downstream_gene_variant|MODIFIER|21ur-9393|WBGene00171513|transcript|Y105C5B.1131|pseudogene||n.*1299A>G|||||1299|,C|downstream_gene_variant|MODIFIER|21ur-9160|WBGene00174868|transcript|Y105C5B.1401|pseudogene||n.*1587A>G|||||1587|,C|downstream_gene_variant|MODIFIER|21ur-4323|WBGene00049518|transcript|Y105C5B.457|pseudogene||n.*1703A>G|||||1703|,C|downstream_gene_variant|MODIFIER|21ur-1998|WBGene00048421|transcript|Y105C5B.346|pseudogene||n.*2111A>G|||||2111|,C|downstream_gene_variant|MODIFIER|21ur-2442|WBGene00046279|transcript|Y105C5B.100|pseudogene||n.*3555A>G|||||3555|,C|downstream_gene_variant|MODIFIER|21ur-2731|WBGene00046473|transcript|Y105C5B.120|pseudogene||n.*3725A>G|||||3725|,C|downstream_gene_variant|MODIFIER|21ur-6181|WBGene00167069|transcript|Y105C5B.763|pseudogene||n.*3873A>G|||||3873|,C|downstream_gene_variant|MODIFIER|21ur-3050|WBGene00048533|transcript|Y105C5B.359|pseudogene||n.*4108A>G|||||4108|,C|downstream_gene_variant|MODIFIER|21ur-9981|WBGene00173339|transcript|Y105C5B.1272|pseudogene||n.*4109A>G|||||4109|,C|downstream_gene_variant|MODIFIER|Y105C5B.8|WBGene00013649|transcript|Y105C5B.8a.1|protein_coding||c.*4393A>G|||||4393|,C|downstream_gene_variant|MODIFIER|21ur-1298|WBGene00048161|transcript|Y105C5B.312|pseudogene||n.*4469A>G|||||4469|,C|downstream_gene_variant|MODIFIER|21ur-7778|WBGene00172324|transcript|Y105C5B.1188|pseudogene||n.*4617A>G|||||4617|,C|downstream_gene_variant|MODIFIER|Y105C5B.8|WBGene00013649|transcript|Y105C5B.8b.1|protein_coding||c.*4412A>G|||||4412|,C|intron_variant|MODIFIER|Y105C5B.7|WBGene00013648|transcript|Y105C5B.7|pseudogene|1/5|n.134-373A>G||||||",GT:GQ:DP:AD:VAF:PL,.,.,.,.,.,.,.,.,.,.,.,.,.,.,"1/1:4:2:0,2:1:6,2,0"
chrIV,16026398,.,G,A,35.5,PASS,"ANN=A|upstream_gene_variant|MODIFIER|21ur-781|WBGene00050117|transcript|Y105C5B.516|pseudogene||n.-4269C>T|||||4269|,A|upstream_gene_variant|MODIFIER|21ur-915|WBGene00048445|transcript|Y105C5B.349|pseudogene||n.-4071C>T|||||4071|,A|upstream_gene_variant|MODIFIER|Y105C5B.1419|WBGene00220224|transcript|Y105C5B.1419|snoRNA||n.-3766C>T|||||3766|,A|upstream_gene_variant|MODIFIER|21ur-1036|WBGene00050391|transcript|Y105C5B.547|pseudogene||n.-3569C>T|||||3569|,A|upstream_gene_variant|MODIFIER|21ur-10491|WBGene00168437|transcript|Y105C5B.879|pseudogene||n.-3142C>T|||||3142|,A|upstream_gene_variant|MODIFIER|21ur-2383|WBGene00050085|transcript|Y105C5B.512|pseudogene||n.-3139C>T|||||3139|,A|upstream_gene_variant|MODIFIER|21ur-10034|WBGene00173749|transcript|Y105C5B.1301|pseudogene||n.-3138C>T|||||3138|,A|upstream_gene_variant|MODIFIER|21ur-150|WBGene00050550|transcript|Y105C5B.570|pseudogene||n.-3040C>T|||||3040|,A|upstream_gene_variant|MODIFIER|21ur-13138|WBGene00171471|transcript|Y105C5B.1125|pseudogene||n.-2801C>T|||||2801|,A|upstream_gene_variant|MODIFIER|21ur-3285|WBGene00047344|transcript|Y105C5B.217|pseudogene||n.-2619C>T|||||2619|,A|upstream_gene_variant|MODIFIER|21ur-12378|WBGene00169777|transcript|Y105C5B.990|pseudogene||n.-2506C>T|||||2506|,A|upstream_gene_variant|MODIFIER|21ur-1368|WBGene00046553|transcript|Y105C5B.131|pseudogene||n.-2503C>T|||||2503|,A|upstream_gene_variant|MODIFIER|21ur-201|WBGene00046968|transcript|Y105C5B.175|pseudogene||n.-1841C>T|||||1841|,A|upstream_gene_variant|MODIFIER|21ur-4701|WBGene00049345|transcript|Y105C5B.435|pseudogene||n.-1840C>T|||||1840|,A|upstream_gene_variant|MODIFIER|21ur-9912|WBGene00166019|transcript|Y105C5B.681|pseudogene||n.-1838C>T|||||1838|,A|upstream_gene_variant|MODIFIER|21ur-11366|WBGene00170810|transcript|Y105C5B.1081|pseudogene||n.-1836C>T|||||1836|,A|upstream_gene_variant|MODIFIER|21ur-8652|WBGene00165223|transcript|Y105C5B.629|pseudogene||n.-1634C>T|||||1634|,A|upstream_gene_variant|MODIFIER|21ur-670|WBGene00047729|transcript|Y105C5B.258|pseudogene||n.-1631C>T|||||1631|,A|upstream_gene_variant|MODIFIER|21ur-13394|WBGene00173789|transcript|Y105C5B.1304|pseudogene||n.-1347C>T|||||1347|,A|upstream_gene_variant|MODIFIER|21ur-1481|WBGene00045827|transcript|Y105C5B.55|pseudogene||n.-980C>T|||||980|,A|upstream_gene_variant|MODIFIER|21ur-11710|WBGene00166103|transcript|Y105C5B.689|pseudogene||n.-977C>T|||||977|,A|upstream_gene_variant|MODIFIER|21ur-14|WBGene00046555|transcript|Y105C5B.132|pseudogene||n.-828C>T|||||828|,A|upstream_gene_variant|MODIFIER|21ur-13309|WBGene00174663|transcript|Y105C5B.1387|pseudogene||n.-598C>T|||||598|,A|upstream_gene_variant|MODIFIER|21ur-5438|WBGene00048037|transcript|Y105C5B.294|pseudogene||n.-592C>T|||||592|,A|upstream_gene_variant|MODIFIER|21ur-4800|WBGene00049058|transcript|Y105C5B.407|pseudogene||n.-409C>T|||||409|,A|upstream_gene_variant|MODIFIER|21ur-3940|WBGene00046947|transcript|Y105C5B.172|pseudogene||n.-243C>T|||||243|,A|upstream_gene_variant|MODIFIER|21ur-12721|WBGene00166297|transcript|Y105C5B.705|pseudogene||n.-10C>T|||||10|,A|upstream_gene_variant|MODIFIER|21ur-7072|WBGene00173095|transcript|Y105C5B.1255|pseudogene||n.-14G>A|||||14|,A|upstream_gene_variant|MODIFIER|21ur-8536|WBGene00167217|transcript|Y105C5B.768|pseudogene||n.-665G>A|||||665|,A|upstream_gene_variant|MODIFIER|21ur-1237|WBGene00047316|transcript|Y105C5B.215|pseudogene||n.-666G>A|||||666|,A|upstream_gene_variant|MODIFIER|21ur-363|WBGene00050606|transcript|Y105C5B.579|pseudogene||n.-1257G>A|||||1257|,A|upstream_gene_variant|MODIFIER|21ur-8949|WBGene00166080|transcript|Y105C5B.686|pseudogene||n.-2361G>A|||||2361|,A|upstream_gene_variant|MODIFIER|21ur-8216|WBGene00169922|transcript|Y105C5B.999|pseudogene||n.-2362G>A|||||2362|,A|upstream_gene_variant|MODIFIER|21ur-6308|WBGene00172474|transcript|Y105C5B.1199|pseudogene||n.-2365G>A|||||2365|,A|upstream_gene_variant|MODIFIER|21ur-5520|WBGene00172380|transcript|Y105C5B.1192|pseudogene||n.-2802G>A|||||2802|,A|upstream_gene_variant|MODIFIER|21ur-14347|WBGene00168943|transcript|Y105C5B.921|pseudogene||n.-2895G>A|||||2895|,A|upstream_gene_variant|MODIFIER|21ur-2569|WBGene00047699|transcript|Y105C5B.255|pseudogene||n.-2896G>A|||||2896|,A|upstream_gene_variant|MODIFIER|21ur-2573|WBGene00048802|transcript|Y105C5B.384|pseudogene||n.-3238G>A|||||3238|,A|upstream_gene_variant|MODIFIER|21ur-7780|WBGene00173068|transcript|Y105C5B.1251|pseudogene||n.-3523G>A|||||3523|,A|upstream_gene_variant|MODIFIER|21ur-4305|WBGene00048219|transcript|Y105C5B.318|pseudogene||n.-3524G>A|||||3524|,A|upstream_gene_variant|MODIFIER|21ur-7619|WBGene00174370|transcript|Y105C5B.1360|pseudogene||n.-3528G>A|||||3528|,A|downstream_gene_variant|MODIFIER|21ur-12629|WBGene00170551|transcript|Y105C5B.1052|pseudogene||n.*4794G>A|||||4794|,A|downstream_gene_variant|MODIFIER|21ur-14145|WBGene00172800|transcript|Y105C5B.1229|pseudogene||n.*4792G>A|||||4792|,A|downstream_gene_variant|MODIFIER|21ur-13139|WBGene00173201|transcript|Y105C5B.1264|pseudogene||n.*4791G>A|||||4791|,A|downstream_gene_variant|MODIFIER|21ur-2207|WBGene00049369|transcript|Y105C5B.439|pseudogene||n.*4788G>A|||||4788|,A|downstream_gene_variant|MODIFIER|21ur-14625|WBGene00169615|transcript|Y105C5B.969|pseudogene||n.*4248G>A|||||4248|,A|downstream_gene_variant|MODIFIER|21ur-5639|WBGene00174021|transcript|Y105C5B.1326|pseudogene||n.*3867G>A|||||3867|,A|downstream_gene_variant|MODIFIER|21ur-6144|WBGene00170623|transcript|Y105C5B.1060|pseudogene||n.*1804G>A|||||1804|,A|downstream_gene_variant|MODIFIER|21ur-7772|WBGene00169005|transcript|Y105C5B.927|pseudogene||n.*770G>A|||||770|,A|downstream_gene_variant|MODIFIER|21ur-11850|WBGene00168208|transcript|Y105C5B.859|pseudogene||n.*131C>T|||||131|,A|downstream_gene_variant|MODIFIER|21ur-7461|WBGene00166034|transcript|Y105C5B.682|pseudogene||n.*135C>T|||||135|,A|downstream_gene_variant|MODIFIER|21ur-5020|WBGene00048467|transcript|Y105C5B.352|pseudogene||n.*515C>T|||||515|,A|downstream_gene_variant|MODIFIER|21ur-13162|WBGene00173465|transcript|Y105C5B.1280|pseudogene||n.*855C>T|||||855|,A|downstream_gene_variant|MODIFIER|21ur-545|WBGene00047871|transcript|Y105C5B.274|pseudogene||n.*856C>T|||||856|,A|downstream_gene_variant|MODIFIER|21ur-6098|WBGene00165950|transcript|Y105C5B.675|pseudogene||n.*981C>T|||||981|,A|downstream_gene_variant|MODIFIER|21ur-4779|WBGene00049569|transcript|Y105C5B.470|pseudogene||n.*1640C>T|||||1640|,A|downstream_gene_variant|MODIFIER|21ur-10594|WBGene00174577|transcript|Y105C5B.1376|pseudogene||n.*2647C>T|||||2647|,A|downstream_gene_variant|MODIFIER|21ur-9718|WBGene00169708|transcript|Y105C5B.980|pseudogene||n.*2763C>T|||||2763|,A|downstream_gene_variant|MODIFIER|21ur-8777|WBGene00166205|transcript|Y105C5B.699|pseudogene||n.*4003C>T|||||4003|,A|downstream_gene_variant|MODIFIER|21ur-13025|WBGene00166111|transcript|Y105C5B.691|pseudogene||n.*4004C>T|||||4004|,A|downstream_gene_variant|MODIFIER|21ur-6519|WBGene00171623|transcript|Y105C5B.1140|pseudogene||n.*4190C>T|||||4190|,A|downstream_gene_variant|MODIFIER|21ur-12128|WBGene00172486|transcript|Y105C5B.1200|pseudogene||n.*4191C>T|||||4191|,A|downstream_gene_variant|MODIFIER|21ur-15234|WBGene00174733|transcript|Y105C5B.1391|pseudogene||n.*4193C>T|||||4193|,A|intron_variant|MODIFIER|jac-1|WBGene00002175|transcript|Y105C5B.21e.1|protein_coding|1/13|c.155+295C>T||||||,A|intron_variant|MODIFIER|jac-1|WBGene00002175|transcript|Y105C5B.21a.1|protein_coding|1/13|c.155+295C>T||||||",GT:GQ:DP:AD:VAF:PL,.,.,.,.,.,.,.,.,.,.,.,.,.,.,"1/1:13:6:0,6:1:35,12,0"
chrIV,16518103,.,CT,C,4.6,PASS,"ANN=C|upstream_gene_variant|MODIFIER|21ur-7364|WBGene00165967|transcript|Y51H4A.453|pseudogene||n.-3185delT|||||3185|,C|upstream_gene_variant|MODIFIER|21ur-8829|WBGene00174074|transcript|Y51H4A.885|pseudogene||n.-3410delT|||||3410|,C|upstream_gene_variant|MODIFIER|21ur-8736|WBGene00172730|transcript|Y51H4A.817|pseudogene||n.-3548delT|||||3548|,C|upstream_gene_variant|MODIFIER|21ur-1648|WBGene00049830|transcript|Y51H4A.326|pseudogene||n.-3944delT|||||3944|,C|upstream_gene_variant|MODIFIER|21ur-4722|WBGene00046774|transcript|Y51H4A.112|pseudogene||n.-3949delT|||||3949|,C|upstream_gene_variant|MODIFIER|21ur-310|WBGene00045615|transcript|Y51H4A.39|pseudogene||n.-4135delT|||||4135|,C|upstream_gene_variant|MODIFIER|21ur-6585|WBGene00169543|transcript|Y51H4A.638|pseudogene||n.-4382delT|||||4382|,C|downstream_gene_variant|MODIFIER|21ur-14206|WBGene00170988|transcript|Y51H4A.708|pseudogene||n.*2430delA|||||2430|,C|downstream_gene_variant|MODIFIER|21ur-6045|WBGene00173868|transcript|Y51H4A.876|pseudogene||n.*2435delA|||||2435|,C|downstream_gene_variant|MODIFIER|21ur-1276|WBGene00047192|transcript|Y51H4A.143|pseudogene||n.*2642delA|||||2642|,C|downstream_gene_variant|MODIFIER|21ur-4696|WBGene00047791|transcript|Y51H4A.187|pseudogene||n.*2756delA|||||2756|,C|downstream_gene_variant|MODIFIER|21ur-11633|WBGene00170476|transcript|Y51H4A.683|pseudogene||n.*3958delA|||||3958|,C|downstream_gene_variant|MODIFIER|21ur-8086|WBGene00168849|transcript|Y51H4A.610|pseudogene||n.*4365delA|||||4365|,C|downstream_gene_variant|MODIFIER|21ur-2653|WBGene00050469|transcript|Y51H4A.375|pseudogene||n.*4366delA|||||4366|,C|downstream_gene_variant|MODIFIER|Y51H4A.5|WBGene00013101|transcript|Y51H4A.5.1|protein_coding||c.*4479delA|||||4425|,C|intergenic_region|MODIFIER|21ur-8323-21ur-14206|WBGene00165298-WBGene00170988|intergenic_region|WBGene00165298-WBGene00170988|||n.16518104delT||||||",GT:GQ:DP:AD:VAF:PL,.,.,.,.,.,.,.,.,.,.,.,.,.,.,"1/1:3:2:0,2:1:1,6,0"
chrIV,16844432,.,A,T,7.1,PASS,"ANN=T|upstream_gene_variant|MODIFIER|21ur-5987|WBGene00168188|transcript|Y116A8A.84|pseudogene||n.-4701T>A|||||4701|,T|upstream_gene_variant|MODIFIER|21ur-14192|WBGene00165622|transcript|Y116A8A.72|pseudogene||n.-4700T>A|||||4700|,T|upstream_gene_variant|MODIFIER|21ur-10793|WBGene00166377|transcript|Y116A8A.77|pseudogene||n.-4165T>A|||||4165|,T|upstream_gene_variant|MODIFIER|Y116A8A.150|WBGene00219241|transcript|Y116A8A.150a.1|protein_coding||c.-1490T>A|||||1490|,T|upstream_gene_variant|MODIFIER|Y116A8A.150|WBGene00219241|transcript|Y116A8A.150b.1|protein_coding||c.-1513T>A|||||1513|,T|downstream_gene_variant|MODIFIER|Y116A8A.10|WBGene00014975|transcript|Y116A8A.10|pseudogene||n.*1593T>A|||||1593|,T|downstream_gene_variant|MODIFIER|map-2|WBGene00003130|transcript|Y116A8A.9b.1|protein_coding||c.*3613T>A|||||3397|,T|downstream_gene_variant|MODIFIER|map-2|WBGene00003130|transcript|Y116A8A.9a.3|protein_coding||c.*3613T>A|||||3397|,T|downstream_gene_variant|MODIFIER|map-2|WBGene00003130|transcript|Y116A8A.9c.2|protein_coding||c.*3613T>A|||||3397|,T|downstream_gene_variant|MODIFIER|map-2|WBGene00003130|transcript|Y116A8A.9c.1|protein_coding||c.*3613T>A|||||3397|,T|downstream_gene_variant|MODIFIER|map-2|WBGene00003130|transcript|Y116A8A.9a.1|protein_coding||c.*4051T>A|||||3773|,T|downstream_gene_variant|MODIFIER|map-2|WBGene00003130|transcript|Y116A8A.9b.2|protein_coding||c.*4051T>A|||||3777|,T|downstream_gene_variant|MODIFIER|map-2|WBGene00003130|transcript|Y116A8A.9a.2|protein_coding||c.*4051T>A|||||3777|,T|intergenic_region|MODIFIER|Y116A8A.150-Y116A8A.10|WBGene00219241-WBGene00014975|intergenic_region|WBGene00219241-WBGene00014975|||n.16844432A>T||||||",GT:GQ:DP:AD:VAF:PL,.,.,.,.,.,.,.,.,.,.,.,.,.,.,"1/1:3:2:0,2:1:3,1,0"
chrV,634247,.,G,A,12,PASS,"ANN=A|synonymous_variant|LOW|F48G7.10|WBGene00018621|transcript|F48G7.10.1|protein_coding|2/2|c.402C>T|p.Leu134Leu|402/507|402/507|134/168||,A|upstream_gene_variant|MODIFIER|pals-31|WBGene00018614|transcript|F48G7.2b.1|protein_coding||c.-2340G>A|||||2340|,A|upstream_gene_variant|MODIFIER|srj-37|WBGene00005621|transcript|F48G7.1.1|protein_coding||c.-4381G>A|||||4381|,A|upstream_gene_variant|MODIFIER|pals-31|WBGene00018614|transcript|F48G7.2a|lincRNA||n.-2340G>A|||||2340|,A|downstream_gene_variant|MODIFIER|F48G7.15|WBGene00255730|transcript|F48G7.15|pseudogene||n.*2357G>A|||||2357|,A|downstream_gene_variant|MODIFIER|nhr-83|WBGene00003673|transcript|F48G7.3a|pseudogene||n.*356G>A|||||356|,A|downstream_gene_variant|MODIFIER|nhr-83|WBGene00003673|transcript|F48G7.3b|pseudogene||n.*354G>A|||||354|",GT:GQ:DP:AD:VAF:PL,.,.,.,.,.,.,.,.,.,.,.,.,.,.,"1/1:4:2:0,2:1:9,2,0"
chrV,2598492,.,A,G,8.3,PASS,"ANN=G|splice_region_variant&intron_variant|LOW|F53E10.5|WBGene00018761|transcript|F53E10.5.1|protein_coding|3/10|c.218-7T>C||||||,G|upstream_gene_variant|MODIFIER|F53E10.8|WBGene00268204|transcript|F53E10.8|pseudogene||n.-3467A>G|||||3467|,G|downstream_gene_variant|MODIFIER|irg-3|WBGene00018760|transcript|F53E10.4a.1|protein_coding||c.*3480A>G|||||3430|,G|downstream_gene_variant|MODIFIER|F53E10.6|WBGene00018762|transcript|F53E10.6.1|protein_coding||c.*3751T>C|||||3661|,G|downstream_gene_variant|MODIFIER|irg-3|WBGene00018760|transcript|F53E10.4b.1|protein_coding||c.*3480A>G|||||3430|,G|downstream_gene_variant|MODIFIER|irg-3|WBGene00018760|transcript|F53E10.4c.1|protein_coding||c.*3480A>G|||||3436|",GT:GQ:DP:AD:VAF:PL,.,.,.,.,.,.,.,.,.,.,.,.,.,.,"1/1:4:2:0,2:1:5,2,0"
chrV,3592312,.,A,G,8,PASS,"ANN=G|upstream_gene_variant|MODIFIER|T22F3.t3|WBGene00023145|transcript|T22F3.t3|protein_coding||c.-3927T>C|||||3927|WARNING_TRANSCRIPT_NO_START_CODON,G|upstream_gene_variant|MODIFIER|T22F3.12|WBGene00044705|transcript|T22F3.12.1|protein_coding||c.-168T>C|||||113|,G|upstream_gene_variant|MODIFIER|T22F3.14|WBGene00197317|transcript|T22F3.14|lincRNA||n.-450T>C|||||450|,G|downstream_gene_variant|MODIFIER|T22F3.2|WBGene00020695|transcript|T22F3.2a.1|protein_coding||c.*3566A>G|||||3297|,G|downstream_gene_variant|MODIFIER|T22F3.t2|WBGene00023144|transcript|T22F3.t2|protein_coding||c.*3738A>G|||||3738|WARNING_TRANSCRIPT_NO_START_CODON,G|downstream_gene_variant|MODIFIER|srh-213|WBGene00005423|transcript|T22F3.5.1|protein_coding||c.*456T>C|||||456|,G|downstream_gene_variant|MODIFIER|srh-212|WBGene00005422|transcript|T22F3.6.1|protein_coding||c.*2879T>C|||||2879|,G|downstream_gene_variant|MODIFIER|T22F3.2|WBGene00020695|transcript|T22F3.2b.1|protein_coding||c.*3566A>G|||||3297|,G|intergenic_region|MODIFIER|T22F3.12-srh-213|WBGene00044705-WBGene00005423|intergenic_region|WBGene00044705-WBGene00005423|||n.3592312A>G||||||",GT:GQ:DP:AD:VAF:PL,.,.,.,.,.,.,.,.,.,.,.,.,.,.,"1/1:3:2:0,2:1:5,2,0"
chrV,4972385,.,T,A,11.6,PASS,"ANN=A|upstream_gene_variant|MODIFIER|F26G5.1|WBGene00017843|transcript|F26G5.1a.1|protein_coding||c.-3109T>A|||||3109|,A|upstream_gene_variant|MODIFIER|F26G5.1|WBGene00017843|transcript|F26G5.1b.1|protein_coding||c.-3109T>A|||||3100|,A|downstream_gene_variant|MODIFIER|srsx-10|WBGene00044117|transcript|F26G5.12.1|protein_coding||c.*929A>T|||||929|,A|intron_variant|MODIFIER|srsx-9|WBGene00017845|transcript|F26G5.10.1|protein_coding|2/3|c.336-28A>T||||||",GT:GQ:DP:AD:VAF:PL,.,.,.,.,.,.,.,.,.,.,.,.,.,.,"1/1:4:2:0,2:1:9,2,0"
chrV,6036569,.,G,T,32.6,PASS,"ANN=T|upstream_gene_variant|MODIFIER|dhs-17|WBGene00000980|transcript|F29G9.6b.1|protein_coding||c.-2358C>A|||||1646|,T|upstream_gene_variant|MODIFIER|F29G9.12|WBGene00198050|transcript|F29G9.12|lincRNA||n.-2724C>A|||||2724|,T|upstream_gene_variant|MODIFIER|F29G9.1|WBGene00017930|transcript|F29G9.1.1|protein_coding||c.-2929G>T|||||2525|,T|upstream_gene_variant|MODIFIER|dhs-17|WBGene00000980|transcript|F29G9.6a|lincRNA||n.-1755C>A|||||1755|,T|downstream_gene_variant|MODIFIER|F29G9.15|WBGene00200643|transcript|F29G9.15|lincRNA||n.*4228G>T|||||4228|,T|downstream_gene_variant|MODIFIER|F29G9.11|WBGene00197226|transcript|F29G9.11|lincRNA||n.*2734G>T|||||2734|,T|downstream_gene_variant|MODIFIER|R01B10.2|WBGene00019804|transcript|R01B10.2.1|protein_coding||c.*4627C>A|||||4627|,T|non_coding_transcript_exon_variant|MODIFIER|F29G9.7|WBGene00017933|transcript|F29G9.7|pseudogene|1/4|n.115C>A||||||",GT:GQ:DP:AD:VAF:PL,.,.,.,.,.,.,.,.,.,.,.,.,.,.,"1/1:10:4:0,4:1:32,9,0"
chrV,6174641,.,C,T,5.7,PASS,"ANN=T|missense_variant|MODERATE|ttn-1|WBGene00006436|transcript|W06H8.8f.1|protein_coding|25/59|c.18271G>A|p.Ala6091Thr|18364/45950|18271/45567|6091/15188||,T|missense_variant|MODERATE|ttn-1|WBGene00006436|transcript|W06H8.8a.1|protein_coding|25/59|c.18271G>A|p.Ala6091Thr|18364/45876|18271/45483|6091/15160||,T|missense_variant|MODERATE|ttn-1|WBGene00006436|transcript|W06H8.8b.1|protein_coding|24/58|c.16993G>A|p.Ala5665Thr|17086/44598|16993/44205|5665/14734||,T|missense_variant|MODERATE|ttn-1|WBGene00006436|transcript|W06H8.8d.1|protein_coding|25/58|c.18271G>A|p.Ala6091Thr|18364/45831|18271/45438|6091/15145||,T|missense_variant|MODERATE|ttn-1|WBGene00006436|transcript|W06H8.8e.1|protein_coding|24/57|c.16993G>A|p.Ala5665Thr|17086/44553|16993/44160|5665/14719||,T|missense_variant|MODERATE|ttn-1|WBGene00006436|transcript|W06H8.8a.2|protein_coding|25/58|c.18271G>A|p.Ala6091Thr|18364/45896|18271/45483|6091/15160||,T|missense_variant|MODERATE|ttn-1|WBGene00006436|transcript|W06H8.8b.2|protein_coding|24/57|c.16993G>A|p.Ala5665Thr|17086/44618|16993/44205|5665/14734||,T|missense_variant|MODERATE|ttn-1|WBGene00006436|transcript|W06H8.8d.2|protein_coding|25/57|c.18271G>A|p.Ala6091Thr|18364/45851|18271/45438|6091/15145||,T|missense_variant|MODERATE|ttn-1|WBGene00006436|transcript|W06H8.8e.2|protein_coding|24/56|c.16993G>A|p.Ala5665Thr|17086/44573|16993/44160|5665/14719||,T|missense_variant|MODERATE|ttn-1|WBGene00006436|transcript|W06H8.8g.1|protein_coding|24/58|c.16993G>A|p.Ala5665Thr|17086/44672|16993/44289|5665/14762||,T|missense_variant|MODERATE|ttn-1|WBGene00006436|transcript|W06H8.8h.1|protein_coding|25/58|c.18271G>A|p.Ala6091Thr|18364/45905|18271/45522|6091/15173||,T|missense_variant|MODERATE|ttn-1|WBGene00006436|transcript|W06H8.8i.1|protein_coding|24/57|c.16993G>A|p.Ala5665Thr|17086/44627|16993/44244|5665/14747||",GT:GQ:DP:AD:VAF:PL,.,.,.,.,.,.,.,.,.,.,.,.,.,.,"1/1:2:9:7,2:0.222222:1,0,0"
chrV,6943255,.,G,A,9.3,PASS,"ANN=A|downstream_gene_variant|MODIFIER|Y57E12B.4|WBGene00021964|transcript|Y57E12B.4.1|protein_coding||c.*2456C>T|||||2456|,A|intergenic_region|MODIFIER|Y57E12B.10-Y57E12B.4|WBGene00202501-WBGene00021964|intergenic_region|WBGene00202501-WBGene00021964|||n.6943255G>A||||||",GT:GQ:DP:AD:VAF:PL,.,.,.,.,.,.,.,.,.,.,.,.,.,.,"1/1:8:2:0,2:1:8,11,0"
chrV,10496404,.,A,G,9.3,PASS,"ANN=G|stop_retained_variant|LOW|ugt-33|WBGene00007946|transcript|C35A5.2.1|protein_coding|7/7|c.1568A>G|p.Ter523Ter|1578/1651|1568/1569|523/522||,G|upstream_gene_variant|MODIFIER|C35A5.4|WBGene00007948|transcript|C35A5.4.1|protein_coding||c.-681A>G|||||655|,G|downstream_gene_variant|MODIFIER|aqp-5|WBGene00000173|transcript|C35A5.1.1|protein_coding||c.*3196A>G|||||3136|,G|downstream_gene_variant|MODIFIER|C35A5.3|WBGene00007947|transcript|C35A5.3.1|protein_coding||c.*3082T>C|||||2951|",GT:GQ:DP:AD:VAF:PL,.,.,.,.,.,.,.,.,.,.,.,.,.,.,"1/1:4:2:0,2:1:6,2,0"
chrV,10794685,.,G,A,6.1,PASS,"ANN=A|missense_variant|MODERATE|ule-3|WBGene00008378|transcript|D1054.11.1|protein_coding|3/3|c.778G>A|p.Glu260Lys|793/1032|778/954|260/317||,A|upstream_gene_variant|MODIFIER|D1054.9|WBGene00008376|transcript|D1054.9b.1|protein_coding||c.-3874C>T|||||3628|,A|upstream_gene_variant|MODIFIER|D1054.21|WBGene00198983|transcript|D1054.21|lincRNA||n.-4438C>T|||||4438|,A|upstream_gene_variant|MODIFIER|D1054.10|WBGene00008377|transcript|D1054.10.1|protein_coding||c.-1875C>T|||||1855|,A|upstream_gene_variant|MODIFIER|D1054.19|WBGene00194677|transcript|D1054.19a.1|protein_coding||c.-1115G>A|||||1115|,A|upstream_gene_variant|MODIFIER|D1054.9|WBGene00008376|transcript|D1054.9a.1|protein_coding||c.-3874C>T|||||3628|,A|upstream_gene_variant|MODIFIER|D1054.9|WBGene00008376|transcript|D1054.9c.1|protein_coding||c.-3874C>T|||||3628|,A|upstream_gene_variant|MODIFIER|D1054.9|WBGene00008376|transcript|D1054.9d.1|protein_coding||c.-3874C>T|||||3628|,A|upstream_gene_variant|MODIFIER|D1054.9|WBGene00008376|transcript|D1054.9e.1|protein_coding||c.-3874C>T|||||3628|,A|upstream_gene_variant|MODIFIER|D1054.9|WBGene00008376|transcript|D1054.9f.1|protein_coding||c.-3874C>T|||||3628|,A|upstream_gene_variant|MODIFIER|D1054.9|WBGene00008376|transcript|D1054.9g.1|protein_coding||c.-3874C>T|||||3628|,A|upstream_gene_variant|MODIFIER|D1054.9|WBGene00008376|transcript|D1054.9h.1|protein_coding||c.-3874C>T|||||3628|,A|upstream_gene_variant|MODIFIER|D1054.9|WBGene00008376|transcript|D1054.9i.1|protein_coding||c.-3874C>T|||||3628|,A|upstream_gene_variant|MODIFIER|D1054.19|WBGene00194677|transcript|D1054.19b|lincRNA||n.-1509G>A|||||1509|,A|downstream_gene_variant|MODIFIER|D1054.22|WBGene00199844|transcript|D1054.22|lincRNA||n.*4410G>A|||||4410|,A|downstream_gene_variant|MODIFIER|D1054.20|WBGene00197869|transcript|D1054.20|lincRNA||n.*3451G>A|||||3451|,A|downstream_gene_variant|MODIFIER|srh-184|WBGene00005399|transcript|D1054.12.1|protein_coding||c.*2178C>T|||||2178|,A|downstream_gene_variant|MODIFIER|srh-163|WBGene00005379|transcript|D1054.16|pseudogene||n.*3675C>T|||||3675|",GT:GQ:DP:AD:VAF:PL,.,.,.,.,.,.,.,.,.,.,.,.,.,.,"1/1:5:2:0,2:1:4,8,0"
chrV,12883783,.,T,G,8.6,PASS,"ANN=G|upstream_gene_variant|MODIFIER|T07F10.11|WBGene00200713|transcript|T07F10.11|lincRNA||n.-4035A>C|||||4035|,G|upstream_gene_variant|MODIFIER|R90.12|WBGene00201725|transcript|R90.12|lincRNA||n.-617T>G|||||617|,G|upstream_gene_variant|MODIFIER|R90.9|WBGene00199141|transcript|R90.9|lincRNA||n.-2849T>G|||||2849|,G|downstream_gene_variant|MODIFIER|bus-19|WBGene00011590|transcript|T07F10.4a.1|protein_coding||c.*2299T>G|||||1675|,G|downstream_gene_variant|MODIFIER|21ur-15167|WBGene00172388|transcript|T07F10.8|pseudogene||n.*3519T>G|||||3519|,G|downstream_gene_variant|MODIFIER|21ur-14576|WBGene00171064|transcript|T07F10.7|pseudogene||n.*2526T>G|||||2526|,G|downstream_gene_variant|MODIFIER|bus-19|WBGene00011590|transcript|T07F10.4b|lincRNA||n.*2299T>G|||||2299|,G|intron_variant|MODIFIER|glb-24|WBGene00011287|transcript|R90.5a.1|protein_coding|3/6|c.244-83A>C||||||,G|intron_variant|MODIFIER|glb-24|WBGene00011287|transcript|R90.5c.1|protein_coding|1/4|c.28-83A>C||||||,G|intron_variant|MODIFIER|glb-24|WBGene00011287|transcript|R90.5b.1|protein_coding|2/5|c.178-83A>C||||||",GT:GQ:DP:AD:VAF:PL,.,.,.,.,.,.,.,.,.,.,.,.,.,.,"1/1:3:2:0,2:1:6,2,0"
chrV,13578797,.,C,T,8.4,PASS,"ANN=T|upstream_gene_variant|MODIFIER|C50B8.8|WBGene00202297|transcript|C50B8.8|lincRNA||n.-3582G>A|||||3582|,T|upstream_gene_variant|MODIFIER|C50B8.7|WBGene00200890|transcript|C50B8.7|lincRNA||n.-2620G>A|||||2620|,T|upstream_gene_variant|MODIFIER|C50B8.6|WBGene00008228|transcript|C50B8.6.1|protein_coding||c.-176C>T|||||175|,T|upstream_gene_variant|MODIFIER|C50B8.5|WBGene00008227|transcript|C50B8.5.1|protein_coding||c.-2249C>T|||||2196|,T|intergenic_region|MODIFIER|C50B8.7-C50B8.6|WBGene00200890-WBGene00008228|intergenic_region|WBGene00200890-WBGene00008228|||n.13578797C>T||||||",GT:GQ:DP:AD:VAF:PL,.,.,.,.,.,.,.,.,.,.,.,.,.,.,"1/1:3:2:0,2:1:5,2,0"
chrV,16726794,.,T,A,13.2,PASS,"ANN=A|upstream_gene_variant|MODIFIER|nhr-112|WBGene00003702|transcript|Y70C5C.6.1|protein_coding||c.-2967A>T|||||2950|,A|upstream_gene_variant|MODIFIER|T25E12.14|WBGene00077622|transcript|T25E12.14.1|protein_coding||c.-432T>A|||||421|,A|upstream_gene_variant|MODIFIER|fbxa-127|WBGene00012027|transcript|T25E12.12.1|protein_coding||c.-1937T>A|||||1937|,A|upstream_gene_variant|MODIFIER|srz-99|WBGene00012028|transcript|T25E12.13.1|protein_coding||c.-3467T>A|||||3467|,A|downstream_gene_variant|MODIFIER|clec-236|WBGene00013495|transcript|Y70C5C.5|pseudogene||n.*4801T>A|||||4801|,A|downstream_gene_variant|MODIFIER|21ur-15294|WBGene00165740|transcript|T25E12.15|pseudogene||n.*878A>T|||||878|,A|intergenic_region|MODIFIER|nhr-112-T25E12.14|WBGene00003702-WBGene00077622|intergenic_region|WBGene00003702-WBGene00077622|||n.16726794T>A||||||",GT:GQ:DP:AD:VAF:PL,.,.,.,.,.,.,.,.,.,.,.,.,.,.,"1/1:5:2:0,2:1:11,4,0"
chrV,17116944,.,A,G,7.9,PASS,"ANN=G|upstream_gene_variant|MODIFIER|ZK218.9|WBGene00014981|transcript|ZK218.9|pseudogene||n.-2057T>C|||||2057|,G|upstream_gene_variant|MODIFIER|rrn-4.3|WBGene00077466|transcript|ZK218.17|rRNA||n.-919A>G|||||919|,G|upstream_gene_variant|MODIFIER|sls-1.12|WBGene00077488|transcript|ZK218.22|snRNA||n.-1210A>G|||||1210|,G|upstream_gene_variant|MODIFIER|rrn-4.4|WBGene00077467|transcript|ZK218.18|rRNA||n.-1893A>G|||||1893|,G|upstream_gene_variant|MODIFIER|rrn-4.5|WBGene00077468|transcript|ZK218.19|rRNA||n.-3069A>G|||||3069|,G|upstream_gene_variant|MODIFIER|rrn-4.1|WBGene00014621|transcript|ZK218.12|rRNA||n.-4024A>G|||||4024|,G|upstream_gene_variant|MODIFIER|rrn-4.6|WBGene00077469|transcript|ZK218.20|rRNA||n.-5000A>G|||||5000|,G|downstream_gene_variant|MODIFIER|ZK218.23|WBGene00220239|transcript|ZK218.23|lincRNA||n.*1315A>G|||||1315|,G|downstream_gene_variant|MODIFIER|rrn-4.2|WBGene00077465|transcript|ZK218.16|rRNA||n.*923A>G|||||923|,G|downstream_gene_variant|MODIFIER|sls-1.10|WBGene00014622|transcript|ZK218.13|snRNA||n.*3750T>C|||||3750|,G|downstream_gene_variant|MODIFIER|sls-1.11|WBGene00077487|transcript|ZK218.21|snRNA||n.*4726T>C|||||4726|,G|intron_variant|MODIFIER|ZK218.8|WBGene00013942|transcript|ZK218.8|pseudogene|2/2|n.450+22A>G||||||",GT:GQ:DP:AD:VAF:PL,.,.,.,.,.,.,.,.,.,.,.,.,.,.,"1/1:3:2:0,2:1:5,2,0"
chrV,17737380,.,A,G,10.1,PASS,"ANN=G|upstream_gene_variant|MODIFIER|W06D12.t2|WBGene00014856|transcript|W06D12.t2|pseudogene||n.-2673T>C|||||2673|,G|downstream_gene_variant|MODIFIER|W06D12.t1|WBGene00014855|transcript|W06D12.t1|pseudogene||n.*2607A>G|||||2607|,G|downstream_gene_variant|MODIFIER|R12G8.t2|WBGene00014824|transcript|R12G8.t2|pseudogene||n.*2110T>C|||||2110|,G|intron_variant|MODIFIER|cutl-4|WBGene00012304|transcript|W06D12.1.1|protein_coding|2/8|c.426-1659T>C||||||",GT:GQ:DP:AD:VAF:PL,.,.,.,.,.,.,.,.,.,.,.,.,.,.,"1/1:9:2:0,2:1:9,14,0"
chrV,18070010,.,A,G,16.1,PASS,"ANN=G|upstream_gene_variant|MODIFIER|Y59A8B.8|WBGene00013345|transcript|Y59A8B.8.1|protein_coding||c.-3705T>C|||||3703|,G|downstream_gene_variant|MODIFIER|nova-1|WBGene00013347|transcript|Y59A8B.10a.1|protein_coding||c.*262T>C|||||11|,G|downstream_gene_variant|MODIFIER|nova-1|WBGene00013347|transcript|Y59A8B.10a.2|protein_coding||c.*262T>C|||||11|,G|downstream_gene_variant|MODIFIER|nova-1|WBGene00013347|transcript|Y59A8B.10c.1|protein_coding||c.*262T>C|||||15|,G|downstream_gene_variant|MODIFIER|nova-1|WBGene00013347|transcript|Y59A8B.10b.1|protein_coding||c.*262T>C|||||15|,G|downstream_gene_variant|MODIFIER|nova-1|WBGene00013347|transcript|Y59A8B.10a.3|protein_coding||c.*262T>C|||||15|,G|intergenic_region|MODIFIER|Y59A8B.8-nova-1|WBGene00013345-WBGene00013347|intergenic_region|WBGene00013345-WBGene00013347|||n.18070010A>G||||||",GT:GQ:DP:AD:VAF:PL,.,.,.,.,.,.,.,.,.,.,.,.,.,.,"1/1:5:3:0,3:1:14,3,0"
chrV,18138747,.,T,A,14.8,PASS,"ANN=A|upstream_gene_variant|MODIFIER|Y37H2A.7|WBGene00012567|transcript|Y37H2A.7.1|protein_coding||c.-4269A>T|||||4269|,A|upstream_gene_variant|MODIFIER|fbxc-46|WBGene00012569|transcript|Y37H2A.9|pseudogene||n.-1033A>T|||||1033|,A|upstream_gene_variant|MODIFIER|Y37H2A.10|WBGene00012570|transcript|Y37H2A.10a.1|protein_coding||c.-248T>A|||||248|,A|upstream_gene_variant|MODIFIER|Y37H2A.11|WBGene00012571|transcript|Y37H2A.11.1|protein_coding||c.-2714T>A|||||2714|,A|upstream_gene_variant|MODIFIER|Y37H2A.13|WBGene00045417|transcript|Y37H2A.13.1|protein_coding||c.-4119T>A|||||4102|,A|upstream_gene_variant|MODIFIER|Y37H2A.14|WBGene00045416|transcript|Y37H2A.14.1|protein_coding||c.-5034T>A|||||4969|,A|upstream_gene_variant|MODIFIER|Y37H2A.10|WBGene00012570|transcript|Y37H2A.10b.1|protein_coding||c.-1604T>A|||||1533|,A|downstream_gene_variant|MODIFIER|fbxa-212|WBGene00012568|transcript|Y37H2A.8|pseudogene||n.*2725T>A|||||2725|,A|intergenic_region|MODIFIER|fbxc-46-Y37H2A.10|WBGene00012569-WBGene00012570|intergenic_region|WBGene00012569-WBGene00012570|||n.18138747T>A||||||",GT:GQ:DP:AD:VAF:PL,.,.,.,.,.,.,.,.,.,.,.,.,.,.,"1/1:6:6:1,5:0.833333:13,5,0"
chrV,18141407,.,G,A,31,PASS,"ANN=A|upstream_gene_variant|MODIFIER|fbxc-46|WBGene00012569|transcript|Y37H2A.9|pseudogene||n.-3693C>T|||||3693|,A|upstream_gene_variant|MODIFIER|Y37H2A.11|WBGene00012571|transcript|Y37H2A.11.1|protein_coding||c.-54G>A|||||54|,A|upstream_gene_variant|MODIFIER|Y37H2A.13|WBGene00045417|transcript|Y37H2A.13.1|protein_coding||c.-1459G>A|||||1442|,A|upstream_gene_variant|MODIFIER|Y37H2A.14|WBGene00045416|transcript|Y37H2A.14.1|protein_coding||c.-2374G>A|||||2309|,A|upstream_gene_variant|MODIFIER|C14A6.3|WBGene00007567|transcript|C14A6.3.1|protein_coding||c.-4992G>A|||||4970|,A|downstream_gene_variant|MODIFIER|Y37H2A.10|WBGene00012570|transcript|Y37H2A.10a.1|protein_coding||c.*720G>A|||||720|,A|downstream_gene_variant|MODIFIER|Y37H2A.10|WBGene00012570|transcript|Y37H2A.10b.1|protein_coding||c.*720G>A|||||720|,A|intergenic_region|MODIFIER|Y37H2A.10-Y37H2A.11|WBGene00012570-WBGene00012571|intergenic_region|WBGene00012570-WBGene00012571|||n.18141407G>A||||||",GT:GQ:DP:AD:VAF:PL,.,.,.,.,.,.,.,.,.,.,.,.,.,.,"1/1:8:3:0,3:1:30,6,0"
chrV,18671476,.,T,A,24.9,PASS,"ANN=A|missense_variant|MODERATE|Y69H2.10|WBGene00013485|transcript|Y69H2.10a.1|protein_coding|2/7|c.209T>A|p.Val70Glu|218/1828|209/1719|70/572||,A|upstream_gene_variant|MODIFIER|Y69H2.22|WBGene00200230|transcript|Y69H2.22|lincRNA||n.-137A>T|||||137|,A|intron_variant|MODIFIER|Y69H2.10|WBGene00013485|transcript|Y69H2.10d.1|protein_coding|1/6|c.83-546T>A||||||,A|non_coding_transcript_exon_variant|MODIFIER|Y69H2.10|WBGene00013485|transcript|Y69H2.10b|lincRNA|2/13|n.209T>A||||||",GT:GQ:DP:AD:VAF:PL,.,.,.,.,.,.,.,.,.,.,.,.,.,.,"1/1:6:2:0,2:1:23,4,0"
chrV,18678779,.,C,T,5.2,PASS,"ANN=T|upstream_gene_variant|MODIFIER|Y69H2.25|WBGene00202252|transcript|Y69H2.25|lincRNA||n.-999C>T|||||999|,T|upstream_gene_variant|MODIFIER|Y69H2.23|WBGene00200363|transcript|Y69H2.23|lincRNA||n.-1389C>T|||||1389|,T|downstream_gene_variant|MODIFIER|Y69H2.10|WBGene00013485|transcript|Y69H2.10a.1|protein_coding||c.*2760C>T|||||2660|,T|downstream_gene_variant|MODIFIER|Y69H2.21|WBGene00199442|transcript|Y69H2.21|lincRNA||n.*926G>A|||||926|,T|downstream_gene_variant|MODIFIER|Y69H2.24|WBGene00201463|transcript|Y69H2.24|lincRNA||n.*1276G>A|||||1276|,T|downstream_gene_variant|MODIFIER|Y69H2.10|WBGene00013485|transcript|Y69H2.10d.1|protein_coding||c.*2760C>T|||||2660|,T|intron_variant|MODIFIER|Y69H2.10|WBGene00013485|transcript|Y69H2.10b|lincRNA|9/12|n.1885+36C>T||||||,T|intron_variant|MODIFIER|Y69H2.10|WBGene00013485|transcript|Y69H2.10c.1|protein_coding|5/8|c.461+36C>T||||||",GT:GQ:DP:AD:VAF:PL,.,.,.,.,.,.,.,.,.,.,.,.,.,.,"1/1:4:2:0,2:1:2,5,0"
chrV,18754834,.,G,A,30.3,PASS,"ANN=A|upstream_gene_variant|MODIFIER|F11D11.12|WBGene00045362|transcript|F11D11.12.1|protein_coding||c.-4774C>T|||||4635|,A|upstream_gene_variant|MODIFIER|F11D11.21|WBGene00206492|transcript|F11D11.21.1|protein_coding||c.-4271C>T|||||4143|,A|upstream_gene_variant|MODIFIER|clec-253|WBGene00045361|transcript|F11D11.11|pseudogene||n.-2535C>T|||||2535|,A|upstream_gene_variant|MODIFIER|F11D11.6|WBGene00008701|transcript|F11D11.6.1|protein_coding||c.-1698C>T|||||1698|,A|upstream_gene_variant|MODIFIER|clec-254|WBGene00008700|transcript|F11D11.5.1|protein_coding||c.-406C>T|||||406|,A|upstream_gene_variant|MODIFIER|F11D11.15|WBGene00050971|transcript|F11D11.15|pseudogene||n.-616G>A|||||616|,A|downstream_gene_variant|MODIFIER|F11D11.16|WBGene00077442|transcript|F11D11.16|pseudogene||n.*2012C>T|||||2012|,A|downstream_gene_variant|MODIFIER|F11D11.3|WBGene00008698|transcript|F11D11.3.1|protein_coding||c.*3148C>T|||||3148|,A|intergenic_region|MODIFIER|clec-254-F11D11.15|WBGene00008700-WBGene00050971|intergenic_region|WBGene00008700-WBGene00050971|||n.18754834G>A||||||",GT:GQ:DP:AD:VAF:PL,.,.,.,.,.,.,.,.,.,.,.,.,.,.,"1/1:7:3:0,3:1:29,5,0"
chrV,18986324,.,T,A,10,PASS,"ANN=A|upstream_gene_variant|MODIFIER|Y39B6A.37|WBGene00012695|transcript|Y39B6A.37.1|protein_coding||c.-4534T>A|||||4526|,A|upstream_gene_variant|MODIFIER|Y39B6A.37|WBGene00012695|transcript|Y39B6A.37.2|protein_coding||c.-4534T>A|||||4526|,A|downstream_gene_variant|MODIFIER|mrps-35|WBGene00012697|transcript|Y39B6A.39a.1|protein_coding||c.*709T>A|||||454|,A|downstream_gene_variant|MODIFIER|reps-1|WBGene00012696|transcript|Y39B6A.38.1|protein_coding||c.*340A>T|||||174|,A|downstream_gene_variant|MODIFIER|mrps-35|WBGene00012697|transcript|Y39B6A.39b.1|protein_coding||c.*709T>A|||||454|,A|intergenic_region|MODIFIER|mrps-35-reps-1|WBGene00012697-WBGene00012696|intergenic_region|WBGene00012697-WBGene00012696|||n.18986324T>A||||||",GT:GQ:DP:AD:VAF:PL,.,.,.,.,.,.,.,.,.,.,.,.,.,.,"1/1:4:2:0,2:1:7,2,0"
chrV,19137893,.,A,ATT,9.8,PASS,"ANN=ATT|upstream_gene_variant|MODIFIER|Y39B6A.10|WBGene00012672|transcript|Y39B6A.10.1|protein_coding||c.-4321_-4320dupAA|||||4291|,ATT|upstream_gene_variant|MODIFIER|Y39B6A.8|WBGene00012670|transcript|Y39B6A.8.1|protein_coding||c.-2995_-2994insTT|||||2901|,ATT|upstream_gene_variant|MODIFIER|Y39B6A.t10|WBGene00014568|transcript|Y39B6A.t10|protein_coding||c.-4895_-4894insTT|||||4894|WARNING_TRANSCRIPT_NO_START_CODON,ATT|downstream_gene_variant|MODIFIER|Y39B6A.81|WBGene00198763|transcript|Y39B6A.81|lincRNA||n.*4889_*4890dupAA|||||4890|,ATT|intron_variant|MODIFIER|Y39B6A.9|WBGene00012671|transcript|Y39B6A.9.1|protein_coding|2/2|c.522+122_522+123dupTT||||||INFO_REALIGN_3_PRIME",GT:GQ:DP:AD:VAF:PL,.,.,.,.,.,.,.,.,.,.,.,.,.,.,"1/1:4:2:0,2:1:7,2,0"
chrV,19244317,.,G,A,10.4,PASS,"ANN=A|upstream_gene_variant|MODIFIER|fbxb-115|WBGene00012064|transcript|T26H2.2a.1|protein_coding||c.-4468C>T|||||4468|,A|upstream_gene_variant|MODIFIER|F21D9.5|WBGene00009019|transcript|F21D9.5|pseudogene||n.-3078G>A|||||3078|,A|upstream_gene_variant|MODIFIER|fbxb-115|WBGene00012064|transcript|T26H2.2b.1|protein_coding||c.-4703C>T|||||4675|,A|downstream_gene_variant|MODIFIER|fbxb-1|WBGene00012063|transcript|T26H2.1.1|protein_coding||c.*2693G>A|||||2693|,A|intron_variant|MODIFIER|F21D9.6|WBGene00009020|transcript|F21D9.6|pseudogene|2/2|n.540-211G>A||||||,A|intron_variant|MODIFIER|str-81|WBGene00006140|transcript|T26H2.6b|lincRNA|2/7|n.215+6510C>T||||||",GT:GQ:DP:AD:VAF:PL,.,.,.,.,.,.,.,.,.,.,.,.,.,.,"1/1:4:2:0,2:1:8,2,0"
chrV,19326092,.,A,T,30.6,PASS,"ANN=T|upstream_gene_variant|MODIFIER|C43D7.4|WBGene00008067|transcript|C43D7.4.1|protein_coding||c.-3605T>A|||||3605|,T|upstream_gene_variant|MODIFIER|C43D7.3|WBGene00014702|transcript|C43D7.3|pseudogene||n.-210T>A|||||210|,T|upstream_gene_variant|MODIFIER|C43D7.1|WBGene00014701|transcript|C43D7.1|pseudogene||n.-1236A>T|||||1236|,T|upstream_gene_variant|MODIFIER|fbxb-65|WBGene00008066|transcript|C43D7.2.1|protein_coding||c.-3548A>T|||||3471|,T|downstream_gene_variant|MODIFIER|sdz-6|WBGene00008068|transcript|C43D7.5.1|protein_coding||c.*4889A>T|||||4889|,T|intergenic_region|MODIFIER|C43D7.3-C43D7.1|WBGene00014702-WBGene00014701|intergenic_region|WBGene00014702-WBGene00014701|||n.19326092A>T||||||",GT:GQ:DP:AD:VAF:PL,.,.,.,.,.,.,.,.,.,.,.,.,.,.,"1/1:18:7:0,7:1:30,17,0"
chrV,19515895,.,C,A,33.6,PASS,"ANN=A|missense_variant|MODERATE|Y43F8B.3|WBGene00012814|transcript|Y43F8B.3d.1|protein_coding|15/22|c.3211C>A|p.Pro1071Thr|3215/5113|3211/4977|1071/1658||,A|missense_variant|MODERATE|Y43F8B.3|WBGene00012814|transcript|Y43F8B.3b.1|protein_coding|12/19|c.2548C>A|p.Pro850Thr|2552/4450|2548/4314|850/1437||,A|missense_variant|MODERATE|Y43F8B.3|WBGene00012814|transcript|Y43F8B.3a.1|protein_coding|12/16|c.2548C>A|p.Pro850Thr|2552/3765|2548/3537|850/1178||,A|missense_variant|MODERATE|Y43F8B.3|WBGene00012814|transcript|Y43F8B.3c.1|protein_coding|15/19|c.3211C>A|p.Pro1071Thr|3215/4428|3211/4200|1071/1399||,A|missense_variant|MODERATE|Y43F8B.3|WBGene00012814|transcript|Y43F8B.3e.1|protein_coding|11/15|c.2383C>A|p.Pro795Thr|2387/3600|2383/3372|795/1123||,A|missense_variant|MODERATE|Y43F8B.3|WBGene00012814|transcript|Y43F8B.3f.1|protein_coding|14/18|c.3046C>A|p.Pro1016Thr|3050/4263|3046/4035|1016/1344||,A|missense_variant|MODERATE|Y43F8B.3|WBGene00012814|transcript|Y43F8B.3h.1|protein_coding|11/15|c.1792C>A|p.Pro598Thr|1796/3009|1792/2781|598/926||,A|missense_variant|MODERATE|Y43F8B.3|WBGene00012814|transcript|Y43F8B.3g.1|protein_coding|15/19|c.3460C>A|p.Pro1154Thr|3460/4673|3460/4449|1154/1482||,A|upstream_gene_variant|MODIFIER|Y43F8B.19|WBGene00077688|transcript|Y43F8B.19.1|protein_coding||c.-3731G>T|||||3731|,A|upstream_gene_variant|MODIFIER|phy-4|WBGene00012815|transcript|Y43F8B.4b.1|protein_coding||c.-2243G>T|||||2239|,A|upstream_gene_variant|MODIFIER|phy-4|WBGene00012815|transcript|Y43F8B.4a.1|protein_coding||c.-2243G>T|||||2239|,A|downstream_gene_variant|MODIFIER|Y43F8B.26|WBGene00200892|transcript|Y43F8B.26|lincRNA||n.*1277G>T|||||1277|,A|downstream_gene_variant|MODIFIER|Y43F8B.2|WBGene00012813|transcript|Y43F8B.2a.1|protein_coding||c.*4273G>T|||||4030|,A|downstream_gene_variant|MODIFIER|Y43F8B.2|WBGene00012813|transcript|Y43F8B.2e.2|protein_coding||c.*4273G>T|||||4030|,A|downstream_gene_variant|MODIFIER|Y43F8B.2|WBGene00012813|transcript|Y43F8B.2f.3|protein_coding||c.*4273G>T|||||4030|,A|downstream_gene_variant|MODIFIER|Y43F8B.2|WBGene00012813|transcript|Y43F8B.2f.2|protein_coding||c.*4273G>T|||||4030|,A|downstream_gene_variant|MODIFIER|Y43F8B.2|WBGene00012813|transcript|Y43F8B.2e.1|protein_coding||c.*4273G>T|||||4030|,A|downstream_gene_variant|MODIFIER|Y43F8B.2|WBGene00012813|transcript|Y43F8B.2f.1|protein_coding||c.*4273G>T|||||4030|,A|downstream_gene_variant|MODIFIER|Y43F8B.2|WBGene00012813|transcript|Y43F8B.2b.1|protein_coding||c.*4273G>T|||||4030|,A|downstream_gene_variant|MODIFIER|Y43F8B.2|WBGene00012813|transcript|Y43F8B.2c.2|protein_coding||c.*4273G>T|||||4030|,A|downstream_gene_variant|MODIFIER|Y43F8B.2|WBGene00012813|transcript|Y43F8B.2c.1|protein_coding||c.*4273G>T|||||4030|,A|downstream_gene_variant|MODIFIER|Y43F8B.2|WBGene00012813|transcript|Y43F8B.2d.1|protein_coding||c.*4273G>T|||||4030|",GT:GQ:DP:AD:VAF:PL,.,.,.,.,.,.,.,.,.,.,.,.,.,.,"1/1:8:4:0,4:1:32,7,0"
chrV,19974372,.,A,G,36.8,PASS,"ANN=G|missense_variant|MODERATE|srh-173|WBGene00005389|transcript|Y60A3A.4a.1|protein_coding|2/4|c.406A>G|p.Ile136Val|411/989|406/984|136/327||,G|missense_variant|MODERATE|srh-173|WBGene00005389|transcript|Y60A3A.4b.1|protein_coding|2/3|c.406A>G|p.Ile136Val|406/618|406/618|136/205||,G|upstream_gene_variant|MODIFIER|Y60A3A.28|WBGene00050950|transcript|Y60A3A.28|pseudogene||n.-666T>C|||||666|,G|downstream_gene_variant|MODIFIER|srh-171|WBGene00005387|transcript|Y60A3A.5.1|protein_coding||c.*1813A>G|||||1813|,G|downstream_gene_variant|MODIFIER|srh-183|WBGene00005398|transcript|Y60A3A.3.1|protein_coding||c.*1238T>C|||||1238|,G|downstream_gene_variant|MODIFIER|Y60A3A.24|WBGene00023519|transcript|Y60A3A.24.1|protein_coding||c.*4383T>C|||||4248|",GT:GQ:DP:AD:VAF:PL,.,.,.,.,.,.,.,.,.,.,.,.,.,.,"1/1:20:8:0,8:1:36,20,0"
chrV,20129006,.,G,T,12.9,PASS,"ANN=T|upstream_gene_variant|MODIFIER|Y113G7A.t4|WBGene00014972|transcript|Y113G7A.t4|pseudogene||n.-2764C>A|||||2764|,T|upstream_gene_variant|MODIFIER|Y113G7A.18|WBGene00196534|transcript|Y113G7A.18|lincRNA||n.-3979G>T|||||3979|,T|intron_variant|MODIFIER|ssu-1|WBGene00013748|transcript|Y113G7A.11.1|protein_coding|4/4|c.992+33C>A||||||",GT:GQ:DP:AD:VAF:PL,.,.,.,.,.,.,.,.,.,.,.,.,.,.,"1/1:4:2:0,2:1:10,2,0"
chrV,20195309,.,T,G,23.2,PASS,"ANN=G|upstream_gene_variant|MODIFIER|fbxa-115|WBGene00013755|transcript|Y113G7B.3.1|protein_coding||c.-3191A>C|||||3157|,G|upstream_gene_variant|MODIFIER|srh-217|WBGene00005427|transcript|Y113G7B.2.1|protein_coding||c.-63A>C|||||63|,G|upstream_gene_variant|MODIFIER|Y113G7B.28|WBGene00195242|transcript|Y113G7B.28.1|protein_coding||c.-802T>G|||||677|,G|upstream_gene_variant|MODIFIER|ftr-1|WBGene00013756|transcript|Y113G7B.4.1|protein_coding||c.-1695T>G|||||1662|,G|upstream_gene_variant|MODIFIER|fog-2|WBGene00001482|transcript|Y113G7B.5b.1|protein_coding||c.-3985T>G|||||3953|,G|upstream_gene_variant|MODIFIER|fog-2|WBGene00001482|transcript|Y113G7B.5a.1|protein_coding||c.-3985T>G|||||3953|,G|downstream_gene_variant|MODIFIER|anr-37|WBGene00219631|transcript|Y113G7B.29|pseudogene||n.*1870T>G|||||1870|,G|downstream_gene_variant|MODIFIER|Y113G7B.27|WBGene00195241|transcript|Y113G7B.27a.1|protein_coding||c.*1960T>G|||||1960|,G|downstream_gene_variant|MODIFIER|Y113G7B.27|WBGene00195241|transcript|Y113G7B.27b.1|protein_coding||c.*1960T>G|||||1960|,G|intergenic_region|MODIFIER|srh-217-Y113G7B.28|WBGene00005427-WBGene00195242|intergenic_region|WBGene00005427-WBGene00195242|||n.20195309T>G||||||",GT:GQ:DP:AD:VAF:PL,.,.,.,.,.,.,.,.,.,.,.,.,.,.,"1/1:7:3:0,3:1:22,5,0"
chrV,20260752,.,T,A,13.2,PASS,"ANN=A|intron_variant|MODIFIER|mdt-17|WBGene00007017|transcript|Y113G7B.18b.1|protein_coding|4/7|c.1026+1744A>T||||||,A|intron_variant|MODIFIER|mdt-17|WBGene00007017|transcript|Y113G7B.18a.1|protein_coding|4/8|c.1026+1744A>T||||||,A|intron_variant|MODIFIER|mdt-17|WBGene00007017|transcript|Y113G7B.18b.2|protein_coding|4/8|c.1026+1744A>T||||||,A|intron_variant|MODIFIER|mdt-17|WBGene00007017|transcript|Y113G7B.18a.2|protein_coding|4/8|c.1026+1744A>T||||||,A|intron_variant|MODIFIER|mdt-17|WBGene00007017|transcript|Y113G7B.18b.3|protein_coding|4/8|c.1026+1744A>T||||||,A|intron_variant|MODIFIER|mdt-17|WBGene00007017|transcript|Y113G7B.18a.3|protein_coding|4/7|c.1026+1744A>T||||||",GT:GQ:DP:AD:VAF:PL,.,.,.,.,.,.,.,.,.,.,.,.,.,.,"1/1:10:4:0,4:1:12,12,0"
chrV,20576427,.,T,C,10,PASS,"ANN=C|synonymous_variant|LOW|clec-263|WBGene00009171|transcript|F26F2.6.1|protein_coding|9/13|c.1401T>C|p.Asp467Asp|1401/1874|1401/1836|467/611||,C|upstream_gene_variant|MODIFIER|F26F2.8|WBGene00023504|transcript|F26F2.8.1|protein_coding||c.-3148T>C|||||3119|,C|upstream_gene_variant|MODIFIER|F26F2.7|WBGene00009172|transcript|F26F2.7b.1|protein_coding||c.-4614T>C|||||4563|,C|upstream_gene_variant|MODIFIER|F26F2.7|WBGene00009172|transcript|F26F2.7a.1|protein_coding||c.-4614T>C|||||4569|,C|upstream_gene_variant|MODIFIER|F26F2.7|WBGene00009172|transcript|F26F2.7c.1|protein_coding||c.-5280T>C|||||4713|,C|downstream_gene_variant|MODIFIER|F26F2.5|WBGene00009170|transcript|F26F2.5.1|protein_coding||c.*2427T>C|||||2427|",GT:GQ:DP:AD:VAF:PL,.,.,.,.,.,.,.,.,.,.,.,.,.,.,"1/1:4:2:0,2:1:7,2,0"
chrV,20608125,.,A,G,12.2,PASS,"ANN=G|upstream_gene_variant|MODIFIER|F46B3.23|WBGene00195243|transcript|F46B3.23.1|protein_coding||c.-1419T>C|||||1408|,G|upstream_gene_variant|MODIFIER|grd-2|WBGene00001691|transcript|F46B3.5.1|protein_coding||c.-1764A>G|||||1669|,G|downstream_gene_variant|MODIFIER|ttr-11|WBGene00009758|transcript|F46B3.3c.1|protein_coding||c.*3747A>G|||||3747|,G|downstream_gene_variant|MODIFIER|ttr-57|WBGene00050892|transcript|F46B3.18.1|protein_coding||c.*1902A>G|||||1794|,G|downstream_gene_variant|MODIFIER|ttr-11|WBGene00009758|transcript|F46B3.3a.1|protein_coding||c.*3835A>G|||||3835|,G|downstream_gene_variant|MODIFIER|ttr-11|WBGene00009758|transcript|F46B3.3b.1|protein_coding||c.*3835A>G|||||3835|,G|intron_variant|MODIFIER|ttr-12|WBGene00009759|transcript|F46B3.4a.1|protein_coding|3/4|c.223-10T>C||||||,G|intron_variant|MODIFIER|ttr-12|WBGene00009759|transcript|F46B3.4b.1|protein_coding|2/3|c.133-10T>C||||||",GT:GQ:DP:AD:VAF:PL,.,.,.,.,.,.,.,.,.,.,.,.,.,.,"1/1:5:2:0,2:1:10,3,0"
chrV,20636314,.,A,T,32.5,PASS,"ANN=T|splice_donor_variant&intron_variant|HIGH|ttr-13|WBGene00012849|transcript|Y44A6B.4.1|protein_coding|2/3|c.219+2T>A||||||,T|upstream_gene_variant|MODIFIER|F46B3.14|WBGene00009765|transcript|F46B3.14c.1|protein_coding||c.-4985T>A|||||4985|,T|upstream_gene_variant|MODIFIER|F46B3.15|WBGene00009766|transcript|F46B3.15.1|protein_coding||c.-2625T>A|||||2625|,T|upstream_gene_variant|MODIFIER|F46B3.24|WBGene00235089|transcript|F46B3.24|pseudogene||n.-1927T>A|||||1927|,T|upstream_gene_variant|MODIFIER|srxa-14|WBGene00012846|transcript|Y44A6B.1.1|protein_coding||c.-3280A>T|||||3280|,T|upstream_gene_variant|MODIFIER|F46B3.14|WBGene00009765|transcript|F46B3.14d.1|protein_coding||c.-4985T>A|||||4985|,T|upstream_gene_variant|MODIFIER|F46B3.14|WBGene00009765|transcript|F46B3.14b.1|protein_coding||c.-4985T>A|||||4985|,T|upstream_gene_variant|MODIFIER|F46B3.14|WBGene00009765|transcript|F46B3.14a.1|protein_coding||c.-4985T>A|||||4985|,T|downstream_gene_variant|MODIFIER|F46B3.16|WBGene00009767|transcript|F46B3.16.1|protein_coding||c.*1001A>T|||||1001|,T|downstream_gene_variant|MODIFIER|Y44A6B.3|WBGene00012848|transcript|Y44A6B.3.1|protein_coding||c.*550T>A|||||550|;LOF=(ttr-13|WBGene00012849|1|1.00)",GT:GQ:DP:AD:VAF:PL,.,.,.,.,.,.,.,.,.,.,.,.,.,.,"1/1:19:8:0,8:1:32,19,0"
chrV,20742781,.,G,GA,23.7,PASS,"ANN=GA|upstream_gene_variant|MODIFIER|dnj-25|WBGene00001043|transcript|W07A8.3c.2|protein_coding||c.-3723dupT|||||3722|,GA|upstream_gene_variant|MODIFIER|dnj-25|WBGene00001043|transcript|W07A8.3b.1|protein_coding||c.-3013dupT|||||2931|,GA|intron_variant|MODIFIER|dnj-25|WBGene00001043|transcript|W07A8.3a.1|protein_coding|6/16|c.673-172dupT||||||,GA|intron_variant|MODIFIER|dnj-25|WBGene00001043|transcript|W07A8.3a.2|protein_coding|6/16|c.673-172dupT||||||,GA|intron_variant|MODIFIER|dnj-25|WBGene00001043|transcript|W07A8.3c.1|protein_coding|6/15|c.-226-172dupT||||||",GT:GQ:DP:AD:VAF:PL,.,.,.,.,.,.,.,.,.,.,.,.,.,.,"1/1:5:2:0,2:1:22,3,0"
chrV,20789130,.,G,A,38.8,PASS,"ANN=A|upstream_gene_variant|MODIFIER|Y44A6D.1|WBGene00012852|transcript|Y44A6D.1.1|protein_coding||c.-1507C>T|||||1507|,A|upstream_gene_variant|MODIFIER|Y44A6D.2|WBGene00012853|transcript|Y44A6D.2.1|protein_coding||c.-419G>A|||||341|,A|downstream_gene_variant|MODIFIER|hif-1|WBGene00001851|transcript|F38A6.3b.1|protein_coding||c.*4269G>A|||||3871|,A|downstream_gene_variant|MODIFIER|Y44A6D.3|WBGene00012854|transcript|Y44A6D.3b.1|protein_coding||c.*1904C>T|||||1638|,A|downstream_gene_variant|MODIFIER|hif-1|WBGene00001851|transcript|F38A6.3a.1|protein_coding||c.*4269G>A|||||3871|,A|downstream_gene_variant|MODIFIER|hif-1|WBGene00001851|transcript|F38A6.3d.1|protein_coding||c.*4634G>A|||||3871|,A|downstream_gene_variant|MODIFIER|hif-1|WBGene00001851|transcript|F38A6.3e.1|protein_coding||c.*4269G>A|||||3871|,A|downstream_gene_variant|MODIFIER|hif-1|WBGene00001851|transcript|F38A6.3f.1|protein_coding||c.*4269G>A|||||3871|,A|downstream_gene_variant|MODIFIER|hif-1|WBGene00001851|transcript|F38A6.3c.1|protein_coding||c.*4269G>A|||||3871|,A|downstream_gene_variant|MODIFIER|Y44A6D.3|WBGene00012854|transcript|Y44A6D.3a.1|protein_coding||c.*1904C>T|||||1638|,A|intergenic_region|MODIFIER|Y44A6D.1-Y44A6D.2|WBGene00012852-WBGene00012853|intergenic_region|WBGene00012852-WBGene00012853|||n.20789130G>A||||||",GT:GQ:DP:AD:VAF:PL,.,.,.,.,.,.,.,.,.,.,.,.,.,.,"1/1:18:7:0,7:1:38,17,0"
chrV,20835255,.,G,C,36.2,PASS,"ANN=C|upstream_gene_variant|MODIFIER|mrps-12|WBGene00011391|transcript|T03D8.2.1|protein_coding||c.-2825G>C|||||2825|,C|upstream_gene_variant|MODIFIER|exos-7|WBGene00009289|transcript|F31D4.1.1|protein_coding||c.-3614G>C|||||3610|,C|upstream_gene_variant|MODIFIER|num-1|WBGene00003830|transcript|T03D8.1b.1|protein_coding||c.-360G>C|||||158|,C|intron_variant|MODIFIER|num-1|WBGene00003830|transcript|T03D8.1d.1|protein_coding|7/9|c.1377+261G>C||||||,C|intron_variant|MODIFIER|num-1|WBGene00003830|transcript|T03D8.1a.1|protein_coding|5/7|c.1110+261G>C||||||,C|intron_variant|MODIFIER|num-1|WBGene00003830|transcript|T03D8.1c.1|protein_coding|5/7|c.978+261G>C||||||,C|intron_variant|MODIFIER|num-1|WBGene00003830|transcript|T03D8.1e.1|protein_coding|4/6|c.936+261G>C||||||",GT:GQ:DP:AD:VAF:PL,.,.,.,.,.,.,.,.,.,.,.,.,.,.,"1/1:15:9:1,7:0.777778:36,14,0"
chrX,56727,.,TG,T,19.1,PASS,"ANN=T|upstream_gene_variant|MODIFIER|Y73B3A.23|WBGene00195519|transcript|Y73B3A.23|lincRNA||n.-2897delG|||||2897|,T|downstream_gene_variant|MODIFIER|Y73B3A.2|WBGene00022204|transcript|Y73B3A.2|pseudogene||n.*4437delC|||||4437|,T|intron_variant|MODIFIER|Y73B3A.18|WBGene00022219|transcript|Y73B3A.18a.1|protein_coding|3/9|c.-160-1040delG||||||INFO_REALIGN_3_PRIME,T|intron_variant|MODIFIER|Y73B3A.18|WBGene00022219|transcript|Y73B3A.18b.1|protein_coding|3/9|c.-160-1040delG||||||INFO_REALIGN_3_PRIME",GT:GQ:DP:AD:VAF:PL,.,.,.,.,.,.,.,.,.,.,.,.,.,.,"1/1:4:4:1,3:0.75:16,1,0"
chrX,170986,.,A,T,12.8,PASS,"ANN=T|upstream_gene_variant|MODIFIER|T08D2.3|WBGene00011608|transcript|T08D2.3|pseudogene||n.-2194A>T|||||2194|,T|intron_variant|MODIFIER|T08D2.2|WBGene00011607|transcript|T08D2.2|pseudogene|5/5|n.1055+175A>T||||||",GT:GQ:DP:AD:VAF:PL,.,.,.,.,.,.,.,.,.,.,.,.,.,.,"1/1:4:2:0,2:1:10,2,0"
chrX,858872,.,C,CT,24.8,PASS,"ANN=CT|upstream_gene_variant|MODIFIER|F56F10.7|WBGene00195373|transcript|F56F10.7|lincRNA||n.-925_-924insA|||||925|,CT|upstream_gene_variant|MODIFIER|F56F10.2|WBGene00018985|transcript|F56F10.2.1|protein_coding||c.-1076_-1075insT|||||1075|,CT|downstream_gene_variant|MODIFIER|cdo-1|WBGene00018986|transcript|F56F10.3.1|protein_coding||c.*3610_*3611insA|||||3395|,CT|downstream_gene_variant|MODIFIER|21ur-13062|WBGene00165725|transcript|F56F10.5|pseudogene||n.*4312_*4313insA|||||4312|,CT|downstream_gene_variant|MODIFIER|21ur-12787|WBGene00165873|transcript|F56F10.6|pseudogene||n.*4313_*4314insA|||||4313|,CT|downstream_gene_variant|MODIFIER|cdo-1|WBGene00018986|transcript|F56F10.3.2|protein_coding||c.*3610_*3611insA|||||3395|,CT|intergenic_region|MODIFIER|F56F10.7-F56F10.2|WBGene00195373-WBGene00018985|intergenic_region|WBGene00195373-WBGene00018985|||n.858872_858873insT||||||",GT:GQ:DP:AD:VAF:PL,.,.,.,.,.,.,.,.,.,.,.,.,.,.,"1/1:6:3:0,3:1:23,4,0"
chrX,957841,.,AT,A,6.5,PASS,"ANN=A|upstream_gene_variant|MODIFIER|chil-10|WBGene00016642|transcript|C44C1.2.1|protein_coding||c.-85delT|||||39|,A|upstream_gene_variant|MODIFIER|chil-10|WBGene00016642|transcript|C44C1.2.2|protein_coding||c.-85delT|||||46|,A|downstream_gene_variant|MODIFIER|arr-1|WBGene00000195|transcript|F53H8.2.1|protein_coding||c.*3805delT|||||3609|,A|downstream_gene_variant|MODIFIER|apm-3|WBGene00000164|transcript|F53H8.1.1|protein_coding||c.*226delT|||||80|,A|downstream_gene_variant|MODIFIER|ncs-1|WBGene00003563|transcript|C44C1.3.1|protein_coding||c.*2819delA|||||2727|,A|intergenic_region|MODIFIER|apm-3-chil-10|WBGene00000164-WBGene00016642|intergenic_region|WBGene00000164-WBGene00016642|||n.957842delT||||||",GT:GQ:DP:AD:VAF:PL,.,.,.,.,.,.,.,.,.,.,.,.,.,.,"1/1:5:4:0,4:1:4,7,0"
chrX,1152612,.,T,A,15.9,PASS,"ANN=A|upstream_gene_variant|MODIFIER|R193.2|WBGene00020128|transcript|R193.2.1|protein_coding||c.-4135A>T|||||4027|,A|upstream_gene_variant|MODIFIER|R193.1|WBGene00020127|transcript|R193.1.1|protein_coding||c.-2336T>A|||||2336|,A|intron_variant|MODIFIER|R193.3|WBGene00020129|transcript|R193.3.1|protein_coding|4/6|c.631-57A>T||||||",GT:GQ:DP:AD:VAF:PL,.,.,.,.,.,.,.,.,.,.,.,.,.,.,"1/1:5:2:0,2:1:14,3,0"
chrX,1183259,.,CCT,C,8,PASS,ANN=C|intron_variant|MODIFIER|hot-8|WBGene00020489|transcript|T13G4.2.1|protein_coding|4/6|c.280+292_280+293delTC||||||INFO_REALIGN_3_PRIME,GT:GQ:DP:AD:VAF:PL,.,.,.,.,.,.,.,.,.,.,.,.,.,.,"1/1:3:2:0,2:1:5,1,0"
chrX,1432745,.,G,A,12.6,PASS,"ANN=A|upstream_gene_variant|MODIFIER|W05H7.2|WBGene00021045|transcript|W05H7.2.1|protein_coding||c.-2353G>A|||||2353|,A|downstream_gene_variant|MODIFIER|F19G12.2|WBGene00017610|transcript|F19G12.2.1|protein_coding||c.*1874G>A|||||1874|,A|downstream_gene_variant|MODIFIER|F19G12.1|WBGene00017609|transcript|F19G12.1.1|protein_coding||c.*1259G>A|||||1259|,A|downstream_gene_variant|MODIFIER|F19G12.t1|WBGene00023271|transcript|F19G12.t1|pseudogene||n.*318C>T|||||318|,A|intergenic_region|MODIFIER|F19G12.1-F19G12.t1|WBGene00017609-WBGene00023271|intergenic_region|WBGene00017609-WBGene00023271|||n.1432745G>A||||||",GT:GQ:DP:AD:VAF:PL,.,.,.,.,.,.,.,.,.,.,.,.,.,.,"1/1:4:2:0,2:1:10,2,0"
chrX,1795748,.,T,C,11.8,PASS,"ANN=C|upstream_gene_variant|MODIFIER|21ur-9757|WBGene00167396|transcript|F31A9.7|pseudogene||n.-3262A>G|||||3262|,C|downstream_gene_variant|MODIFIER|linc-75|WBGene00219685|transcript|F31A9.8|lincRNA||n.*3175T>C|||||3175|,C|downstream_gene_variant|MODIFIER|F31A9.2|WBGene00017941|transcript|F31A9.2|lincRNA||n.*75T>C|||||75|,C|downstream_gene_variant|MODIFIER|mir-796|WBGene00045354|transcript|C14E2.8|pseudogene||n.*3180A>G|||||3180|,C|downstream_gene_variant|MODIFIER|mir-796|WBGene00045354|transcript|C14E2.8a|miRNA||n.*3231A>G|||||3231|,C|intergenic_region|MODIFIER|F31A9.2-mir-796|WBGene00017941-WBGene00045354|intergenic_region|WBGene00017941-WBGene00045354|||n.1795748T>C||||||",GT:GQ:DP:AD:VAF:PL,.,.,.,.,.,.,.,.,.,.,.,.,.,.,"1/1:4:2:0,2:1:9,2,0"
chrX,2399176,.,G,GT,10.2,PASS,"ANN=GT|upstream_gene_variant|MODIFIER|C43H6.4|WBGene00016617|transcript|C43H6.4.1|protein_coding||c.-4856_-4855insT|||||4847|,GT|downstream_gene_variant|MODIFIER|C43H6.6|WBGene00016619|transcript|C43H6.6.1|protein_coding||c.*523_*524insT|||||351|,GT|intron_variant|MODIFIER|dhhc-9|WBGene00016620|transcript|C43H6.7.1|protein_coding|7/7|c.745-15dupA||||||",GT:GQ:DP:AD:VAF:PL,.,.,.,.,.,.,.,.,.,.,.,.,.,.,"1/1:4:2:0,2:1:7,2,0"
chrX,2643903,.,G,A,9.5,PASS,"ANN=A|upstream_gene_variant|MODIFIER|C09B7.5|WBGene00195451|transcript|C09B7.5|lincRNA||n.-2098G>A|||||2098|,A|intron_variant|MODIFIER|F54G2.1|WBGene00018837|transcript|F54G2.1a.1|protein_coding|3/21|c.416+6164C>T||||||",GT:GQ:DP:AD:VAF:PL,.,.,.,.,.,.,.,.,.,.,.,.,.,.,"1/1:4:4:1,3:0.75:7,3,0"
chrX,2643908,.,G,A,9.6,PASS,"ANN=A|upstream_gene_variant|MODIFIER|C09B7.5|WBGene00195451|transcript|C09B7.5|lincRNA||n.-2093G>A|||||2093|,A|intron_variant|MODIFIER|F54G2.1|WBGene00018837|transcript|F54G2.1a.1|protein_coding|3/21|c.416+6159C>T||||||",GT:GQ:DP:AD:VAF:PL,.,.,.,.,.,.,.,.,.,.,.,.,.,.,"1/1:5:4:1,3:0.75:7,4,0"
chrX,2643914,.,T,C,14.5,PASS,"ANN=C|upstream_gene_variant|MODIFIER|C09B7.5|WBGene00195451|transcript|C09B7.5|lincRNA||n.-2087T>C|||||2087|,C|intron_variant|MODIFIER|F54G2.1|WBGene00018837|transcript|F54G2.1a.1|protein_coding|3/21|c.416+6153A>G||||||",GT:GQ:DP:AD:VAF:PL,.,.,.,.,.,.,.,.,.,.,.,.,.,.,"1/1:7:4:1,3:0.75:13,6,0"
chrX,2992128,.,T,A,7.5,PASS,"ANN=A|upstream_gene_variant|MODIFIER|Y41G9A.16|WBGene00220158|transcript|Y41G9A.16|lincRNA||n.-1900A>T|||||1900|,A|downstream_gene_variant|MODIFIER|osm-5|WBGene00003885|transcript|Y41G9A.1.1|protein_coding||c.*777T>A|||||753|,A|downstream_gene_variant|MODIFIER|21ur-12946|WBGene00166186|transcript|Y41G9A.12|pseudogene||n.*3694A>T|||||3694|,A|intergenic_region|MODIFIER|osm-5-21ur-12946|WBGene00003885-WBGene00166186|intergenic_region|WBGene00003885-WBGene00166186|||n.2992128T>A||||||",GT:GQ:DP:AD:VAF:PL,.,.,.,.,.,.,.,.,.,.,.,.,.,.,"1/1:7:3:0,3:1:6,16,0"
chrX,3788339,.,C,CA,17.9,PASS,"ANN=CA|3_prime_UTR_variant|MODIFIER|F47B7.1|WBGene00018532|transcript|F47B7.1.1|protein_coding|2/2|c.*58dupA|||||59|INFO_REALIGN_3_PRIME,CA|upstream_gene_variant|MODIFIER|F35A5.11|WBGene00198155|transcript|F35A5.11|lincRNA||n.-4495_-4494insA|||||4494|,CA|downstream_gene_variant|MODIFIER|F47B7.11|WBGene00196591|transcript|F47B7.11|lincRNA||n.*421_*422insA|||||422|,CA|downstream_gene_variant|MODIFIER|F47B7.12|WBGene00197174|transcript|F47B7.12|lincRNA||n.*257dupT|||||257|,CA|downstream_gene_variant|MODIFIER|F35A5.4|WBGene00018026|transcript|F35A5.4.1|protein_coding||c.*1545dupT|||||1417|",GT:GQ:DP:AD:VAF:PL,.,.,.,.,.,.,.,.,.,.,.,.,.,.,"1/1:5:3:0,3:1:16,3,0"
chrX,4037802,.,A,C,11.2,PASS,ANN=C|intergenic_region|MODIFIER|acr-10-T06F4.1|WBGene00000049-WBGene00020294|intergenic_region|WBGene00000049-WBGene00020294|||n.4037802A>C||||||,GT:GQ:DP:AD:VAF:PL,.,.,.,.,.,.,.,.,.,.,.,.,.,.,"1/1:9:2:0,2:1:10,13,0"
chrX,4808027,.,C,T,10.5,PASS,"ANN=T|upstream_gene_variant|MODIFIER|F43C9.6|WBGene00198733|transcript|F43C9.6|lincRNA||n.-3608G>A|||||3608|,T|upstream_gene_variant|MODIFIER|R08E3.7|WBGene00197507|transcript|R08E3.7|lincRNA||n.-1337C>T|||||1337|,T|upstream_gene_variant|MODIFIER|R08E3.6|WBGene00196263|transcript|R08E3.6|lincRNA||n.-2081C>T|||||2081|,T|upstream_gene_variant|MODIFIER|R08E3.5|WBGene00196013|transcript|R08E3.5|lincRNA||n.-4799C>T|||||4799|,T|intron_variant|MODIFIER|ztf-16|WBGene00019960|transcript|R08E3.4b.1|protein_coding|8/10|c.931-22G>A||||||,T|intron_variant|MODIFIER|ztf-16|WBGene00019960|transcript|R08E3.4a.1|protein_coding|8/9|c.931-22G>A||||||",GT:GQ:DP:AD:VAF:PL,.,.,.,.,.,.,.,.,.,.,.,.,.,.,"1/1:4:2:0,2:1:8,2,0"
chrX,5197912,.,AC,A,9.6,PASS,"ANN=A|upstream_gene_variant|MODIFIER|T03G11.12|WBGene00195316|transcript|T03G11.12|lincRNA||n.-1977delC|||||1977|,A|upstream_gene_variant|MODIFIER|pqn-62|WBGene00004145|transcript|T03G11.1b.1|protein_coding||c.-99delC|||||99|,A|downstream_gene_variant|MODIFIER|T03G11.19|WBGene00198381|transcript|T03G11.19|lincRNA||n.*4158delC|||||4158|,A|downstream_gene_variant|MODIFIER|T03G11.17|WBGene00197582|transcript|T03G11.17|lincRNA||n.*2080delC|||||2080|,A|downstream_gene_variant|MODIFIER|T03G11.18|WBGene00197948|transcript|T03G11.18|lincRNA||n.*1977delG|||||1977|,A|intron_variant|MODIFIER|pqn-62|WBGene00004145|transcript|T03G11.1c.1|protein_coding|2/17|c.250-49delC||||||INFO_REALIGN_3_PRIME,A|intron_variant|MODIFIER|pqn-62|WBGene00004145|transcript|T03G11.1a.1|protein_coding|2/17|c.250-49delC||||||INFO_REALIGN_3_PRIME,A|intron_variant|MODIFIER|pqn-62|WBGene00004145|transcript|T03G11.1d.1|protein_coding|2/17|c.229-49delC||||||INFO_REALIGN_3_PRIME",GT:GQ:DP:AD:VAF:PL,.,.,.,.,.,.,.,.,.,.,.,.,.,.,"1/1:4:2:0,2:1:7,2,0"
chrX,5969683,.,A,T,7.1,PASS,"ANN=T|upstream_gene_variant|MODIFIER|R07E4.8|WBGene00195877|transcript|R07E4.8|lincRNA||n.-3851A>T|||||3851|,T|upstream_gene_variant|MODIFIER|R07E4.9|WBGene00196914|transcript|R07E4.9|lincRNA||n.-4113A>T|||||4113|,T|downstream_gene_variant|MODIFIER|kin-2|WBGene00002190|transcript|R07E4.6c.1|protein_coding||c.*2012T>A|||||1024|,T|downstream_gene_variant|MODIFIER|kin-2|WBGene00002190|transcript|R07E4.6b.1|protein_coding||c.*2012T>A|||||994|,T|downstream_gene_variant|MODIFIER|kin-2|WBGene00002190|transcript|R07E4.6a.1|protein_coding||c.*2012T>A|||||1330|,T|intron_variant|MODIFIER|R07E4.1|WBGene00019935|transcript|R07E4.1a.1|protein_coding|21/21|c.3130-16A>T||||||,T|intron_variant|MODIFIER|R07E4.1|WBGene00019935|transcript|R07E4.1b.1|protein_coding|17/17|c.2722-16A>T||||||",GT:GQ:DP:AD:VAF:PL,.,.,.,.,.,.,.,.,.,.,.,.,.,.,"1/1:3:2:0,2:1:4,2,0"
chrX,7042501,.,T,C,14.2,PASS,"ANN=C|upstream_gene_variant|MODIFIER|B0403.13|WBGene00200741|transcript|B0403.13|lincRNA||n.-4890A>G|||||4890|,C|downstream_gene_variant|MODIFIER|B0403.12|WBGene00200184|transcript|B0403.12|lincRNA||n.*4898T>C|||||4898|,C|intergenic_region|MODIFIER|B0403.13-B0403.7|WBGene00200741-WBGene00196142|intergenic_region|WBGene00200741-WBGene00196142|||n.7042501T>C||||||",GT:GQ:DP:AD:VAF:PL,.,.,.,.,.,.,.,.,.,.,.,.,.,.,"1/1:5:2:0,2:1:12,3,0"
chrX,7908388,.,C,T,6.3,PASS,"ANN=T|synonymous_variant|LOW|C39D10.7|WBGene00016534|transcript|C39D10.7.1|protein_coding|14/14|c.3150G>A|p.Thr1050Thr|3150/3574|3150/3516|1050/1171||,T|synonymous_variant|LOW|C39D10.7|WBGene00016534|transcript|C39D10.7.2|protein_coding|14/14|c.3150G>A|p.Thr1050Thr|3150/3583|3150/3516|1050/1171||,T|upstream_gene_variant|MODIFIER|C39D10.14|WBGene00197589|transcript|C39D10.14|lincRNA||n.-1723G>A|||||1723|,T|downstream_gene_variant|MODIFIER|C39D10.11|WBGene00043983|transcript|C39D10.11a.1|protein_coding||c.*2922C>T|||||2922|,T|downstream_gene_variant|MODIFIER|C39D10.t1|WBGene00022956|transcript|C39D10.t1|protein_coding||c.*1732C>T|||||1732|WARNING_TRANSCRIPT_NO_START_CODON,T|downstream_gene_variant|MODIFIER|C39D10.1|WBGene00016529|transcript|C39D10.1.1|protein_coding||c.*1269C>T|||||1269|,T|downstream_gene_variant|MODIFIER|C39D10.11|WBGene00043983|transcript|C39D10.11b.1|protein_coding||c.*2922C>T|||||2734|",GT:GQ:DP:AD:VAF:PL,.,.,.,.,.,.,.,.,.,.,.,.,.,.,"1/1:5:2:0,2:1:4,7,0"
chrX,8897280,.,C,A,8.7,PASS,"ANN=A|missense_variant|MODERATE|C13E3.1|WBGene00015740|transcript|C13E3.1a.1|protein_coding|9/11|c.2355C>A|p.Ser785Arg|2383/3118|2355/2904|785/967||,A|intron_variant|MODIFIER|C13E3.1|WBGene00015740|transcript|C13E3.1b.1|protein_coding|8/9|c.2307+470C>A||||||",GT:GQ:DP:AD:VAF:PL,.,.,.,.,.,.,.,.,.,.,.,.,.,.,"1/1:3:2:0,2:1:6,2,0"
chrX,10364095,.,G,A,4.1,PASS,"ANN=A|downstream_gene_variant|MODIFIER|efhc-1|WBGene00013028|transcript|Y49A10A.1.1|protein_coding||c.*3620G>A|||||3545|,A|intergenic_region|MODIFIER|efhc-1-Y49A10A.2|WBGene00013028-WBGene00044949|intergenic_region|WBGene00013028-WBGene00044949|||n.10364095G>A||||||",GT:GQ:DP:AD:VAF:PL,.,.,.,.,.,.,.,.,.,.,.,.,.,.,"1/1:3:2:0,2:1:1,7,0"
chrX,12559735,.,T,C,4.7,PASS,"ANN=C|upstream_gene_variant|MODIFIER|R01H5.1|WBGene00201269|transcript|R01H5.1|lincRNA||n.-146T>C|||||146|,C|upstream_gene_variant|MODIFIER|R01H5.t1|WBGene00014474|transcript|R01H5.t1|protein_coding||c.-4053T>C|||||4053|WARNING_TRANSCRIPT_NO_START_CODON,C|downstream_gene_variant|MODIFIER|R01H5.2|WBGene00202070|transcript|R01H5.2|lincRNA||n.*4049A>G|||||4049|,C|intergenic_region|MODIFIER|npr-4-R01H5.1|WBGene00007635-WBGene00201269|intergenic_region|WBGene00007635-WBGene00201269|||n.12559735T>C||||||",GT:GQ:DP:AD:VAF:PL,.,.,.,.,.,.,.,.,.,.,.,.,.,.,"1/1:3:2:0,2:1:1,6,0"
chrX,12877814,.,A,G,10,PASS,"ANN=G|missense_variant|MODERATE|bcat-1|WBGene00001149|transcript|K02A4.1.1|protein_coding|2/6|c.275A>G|p.His92Arg|289/1845|275/1248|92/415||,G|upstream_gene_variant|MODIFIER|K02A4.5|WBGene00197406|transcript|K02A4.5|lincRNA||n.-1864T>C|||||1864|,G|upstream_gene_variant|MODIFIER|K02A4.3|WBGene00196862|transcript|K02A4.3|lincRNA||n.-823T>C|||||823|,G|upstream_gene_variant|MODIFIER|K02A4.13|WBGene00202035|transcript|K02A4.13|lincRNA||n.-416T>C|||||416|,G|downstream_gene_variant|MODIFIER|K02A4.7|WBGene00198241|transcript|K02A4.7|lincRNA||n.*1813A>G|||||1813|,G|downstream_gene_variant|MODIFIER|K02A4.10|WBGene00200266|transcript|K02A4.10|lincRNA||n.*1589A>G|||||1589|,G|downstream_gene_variant|MODIFIER|K02A4.12|WBGene00201521|transcript|K02A4.12|lincRNA||n.*1324A>G|||||1324|,G|downstream_gene_variant|MODIFIER|K02A4.14|WBGene00202095|transcript|K02A4.14|lincRNA||n.*779A>G|||||779|,G|downstream_gene_variant|MODIFIER|K02A4.11|WBGene00201212|transcript|K02A4.11|lincRNA||n.*436A>G|||||436|,G|downstream_gene_variant|MODIFIER|K02A4.8|WBGene00199301|transcript|K02A4.8|lincRNA||n.*276T>C|||||276|,G|downstream_gene_variant|MODIFIER|gpc-1|WBGene00001681|transcript|K02A4.2.1|protein_coding||c.*3776T>C|||||3312|,G|downstream_gene_variant|MODIFIER|gpc-1|WBGene00001681|transcript|K02A4.2.3|protein_coding||c.*3776T>C|||||3414|,G|downstream_gene_variant|MODIFIER|gpc-1|WBGene00001681|transcript|K02A4.2.2|protein_coding||c.*3776T>C|||||3776|",GT:GQ:DP:AD:VAF:PL,.,.,.,.,.,.,.,.,.,.,.,.,.,.,"1/1:4:2:0,2:1:7,2,0"
chrX,13472800,.,C,G,13.5,PASS,"ANN=G|upstream_gene_variant|MODIFIER|F15A2.13|WBGene00201204|transcript|F15A2.13|lincRNA||n.-676G>C|||||676|,G|downstream_gene_variant|MODIFIER|F02D10.10|WBGene00195387|transcript|F02D10.10|lincRNA||n.*4980C>G|||||4980|,G|downstream_gene_variant|MODIFIER|col-184|WBGene00000757|transcript|F15A2.1a.1|protein_coding||c.*2424C>G|||||2329|,G|downstream_gene_variant|MODIFIER|efn-3|WBGene00001164|transcript|F15A2.5.1|protein_coding||c.*3301G>C|||||3164|,G|downstream_gene_variant|MODIFIER|col-184|WBGene00000757|transcript|F15A2.1b.1|protein_coding||c.*2424C>G|||||2329|,G|downstream_gene_variant|MODIFIER|col-184|WBGene00000757|transcript|F15A2.1b.2|protein_coding||c.*2424C>G|||||2329|,G|intron_variant|MODIFIER|tre-4|WBGene00006610|transcript|F15A2.2.1|protein_coding|3/10|c.422+129C>G||||||",GT:GQ:DP:AD:VAF:PL,.,.,.,.,.,.,.,.,.,.,.,.,.,.,"1/1:5:2:0,2:1:11,3,0"
chrX,13952002,.,C,T,20.6,PASS,"ANN=T|missense_variant|MODERATE|alg-1|WBGene00000105|transcript|F48F7.1b.1|protein_coding|4/7|c.527C>T|p.Ala176Val|902/5001|527/3072|176/1023||,T|missense_variant|MODERATE|alg-1|WBGene00000105|transcript|F48F7.1a.1|protein_coding|3/6|c.464C>T|p.Ala155Val|493/4592|464/3009|155/1002||,T|downstream_gene_variant|MODIFIER|K02B9.10|WBGene00219999|transcript|K02B9.10|snoRNA||n.*2708C>T|||||2708|",GT:GQ:DP:AD:VAF:PL,.,.,.,.,.,.,.,.,.,.,.,.,.,.,"1/1:5:2:0,2:1:18,3,0"
chrX,14335737,.,T,C,3.9,PASS,"ANN=C|synonymous_variant|LOW|K04G11.1|WBGene00010570|transcript|K04G11.1.1|protein_coding|1/5|c.240T>C|p.Leu80Leu|240/657|240/657|80/218||,C|downstream_gene_variant|MODIFIER|VK04G11.2|WBGene00202024|transcript|VK04G11.2|lincRNA||n.*3532T>C|||||3532|,C|downstream_gene_variant|MODIFIER|K04G11.8|WBGene00198754|transcript|K04G11.8|lincRNA||n.*923T>C|||||923|,C|intron_variant|MODIFIER|sel-7|WBGene00004764|transcript|K04G11.2.1|protein_coding|4/6|c.520-993A>G||||||",GT:GQ:DP:AD:VAF:PL,.,.,.,.,.,.,.,.,.,.,.,.,.,.,"1/1:4:3:0,2:0.666667:1,11,0"
chrX,14338927,.,TA,T,6.6,PASS,"ANN=T|downstream_gene_variant|MODIFIER|K04G11.8|WBGene00198754|transcript|K04G11.8|lincRNA||n.*4114delA|||||4114|,T|downstream_gene_variant|MODIFIER|K04G11.1|WBGene00010570|transcript|K04G11.1.1|protein_coding||c.*2271delA|||||2271|,T|intron_variant|MODIFIER|sel-7|WBGene00004764|transcript|K04G11.2.1|protein_coding|4/6|c.519+535delT||||||",GT:GQ:DP:AD:VAF:PL,.,.,.,.,.,.,.,.,.,.,.,.,.,.,"1/1:4:3:0,3:1:4,4,0"
chrX,14565986,.,C,T,10.3,PASS,"ANN=T|upstream_gene_variant|MODIFIER|H01A20.4|WBGene00200756|transcript|H01A20.4|lincRNA||n.-4296G>A|||||4296|,T|downstream_gene_variant|MODIFIER|nhr-3|WBGene00003602|transcript|H01A20.1.1|protein_coding||c.*4904C>T|||||4561|,T|downstream_gene_variant|MODIFIER|C44H4.4|WBGene00008094|transcript|C44H4.4.1|protein_coding||c.*3106G>A|||||2868|,T|intergenic_region|MODIFIER|H01A20.4-C44H4.4|WBGene00200756-WBGene00008094|intergenic_region|WBGene00200756-WBGene00008094|||n.14565986C>T||||||",GT:GQ:DP:AD:VAF:PL,.,.,.,.,.,.,.,.,.,.,.,.,.,.,"1/1:4:2:0,2:1:7,2,0"
chrX,14916246,.,T,C,10,PASS,"ANN=C|upstream_gene_variant|MODIFIER|Y70D2A.1|WBGene00013496|transcript|Y70D2A.1.1|protein_coding||c.-2741T>C|||||2590|,C|downstream_gene_variant|MODIFIER|Y70D2A.5|WBGene00197185|transcript|Y70D2A.5|lincRNA||n.*3476T>C|||||3476|,C|downstream_gene_variant|MODIFIER|Y70D2A.4|WBGene00196473|transcript|Y70D2A.4|lincRNA||n.*401T>C|||||401|,C|downstream_gene_variant|MODIFIER|Y70D2A.3|WBGene00195686|transcript|Y70D2A.3|lincRNA||n.*4414A>G|||||4414|,C|intergenic_region|MODIFIER|Y70D2A.4-Y70D2A.1|WBGene00196473-WBGene00013496|intergenic_region|WBGene00196473-WBGene00013496|||n.14916246T>C||||||",GT:GQ:DP:AD:VAF:PL,.,.,.,.,.,.,.,.,.,.,.,.,.,.,"1/1:4:2:0,2:1:7,2,0"
chrX,14932255,.,C,T,9.3,PASS,"ANN=T|upstream_gene_variant|MODIFIER|ntr-2|WBGene00008808|transcript|F14F4.1.1|protein_coding||c.-3321G>A|||||3321|,T|intergenic_region|MODIFIER|ntr-2-mrp-5|WBGene00008808-WBGene00003411|intergenic_region|WBGene00008808-WBGene00003411|||n.14932255C>T||||||",GT:GQ:DP:AD:VAF:PL,.,.,.,.,.,.,.,.,.,.,.,.,.,.,"1/1:3:2:0,2:1:6,2,0"
chrX,15115058,.,T,C,10.8,PASS,"ANN=C|missense_variant|MODERATE|R07D5.2|WBGene00011101|transcript|R07D5.2.1|protein_coding|5/17|c.484A>G|p.Ile162Val|492/2550|484/2289|162/762||,C|downstream_gene_variant|MODIFIER|R07D5.9|WBGene00201791|transcript|R07D5.9|lincRNA||n.*1978A>G|||||1978|",GT:GQ:DP:AD:VAF:PL,.,.,.,.,.,.,.,.,.,.,.,.,.,.,"1/1:3:2:0,2:1:7,0,0"
chrX,15693677,.,G,A,10.6,PASS,"ANN=A|upstream_gene_variant|MODIFIER|C03H12.2|WBGene00195772|transcript|C03H12.2|lincRNA||n.-69C>T|||||69|,A|upstream_gene_variant|MODIFIER|ZK662.9|WBGene00201852|transcript|ZK662.9|lincRNA||n.-452G>A|||||452|,A|upstream_gene_variant|MODIFIER|ZK662.2|WBGene00014039|transcript|ZK662.2.1|protein_coding||c.-3085G>A|||||3023|,A|upstream_gene_variant|MODIFIER|C03H12.1|WBGene00007284|transcript|C03H12.1c.1|protein_coding||c.-717G>A|||||717|,A|upstream_gene_variant|MODIFIER|C03H12.1|WBGene00007284|transcript|C03H12.1f.1|protein_coding||c.-717G>A|||||717|,A|downstream_gene_variant|MODIFIER|C03H12.3|WBGene00202227|transcript|C03H12.3|lincRNA||n.*68G>A|||||68|,A|downstream_gene_variant|MODIFIER|ZK662.7|WBGene00198111|transcript|ZK662.7|lincRNA||n.*2765C>T|||||2765|,A|intron_variant|MODIFIER|C03H12.1|WBGene00007284|transcript|C03H12.1a.1|protein_coding|10/16|c.1393-711G>A||||||,A|intron_variant|MODIFIER|C03H12.1|WBGene00007284|transcript|C03H12.1d.1|protein_coding|10/15|c.1393-711G>A||||||,A|intron_variant|MODIFIER|C03H12.1|WBGene00007284|transcript|C03H12.1b.1|protein_coding|10/16|c.1111-711G>A||||||,A|intron_variant|MODIFIER|C03H12.1|WBGene00007284|transcript|C03H12.1e.1|protein_coding|10/15|c.1111-711G>A||||||,A|intron_variant|MODIFIER|C03H12.1|WBGene00007284|transcript|C03H12.1b.2|protein_coding|8/14|c.1111-711G>A||||||,A|intron_variant|MODIFIER|C03H12.1|WBGene00007284|transcript|C03H12.1e.2|protein_coding|8/13|c.1111-711G>A||||||,A|non_coding_transcript_exon_variant|MODIFIER|ZK662.8|WBGene00200998|transcript|ZK662.8|lincRNA|1/1|n.527C>T||||||",GT:GQ:DP:AD:VAF:PL,.,.,.,.,.,.,.,.,.,.,.,.,.,.,"1/1:4:2:0,2:1:8,2,0"
chrX,15932018,.,C,A,14,PASS,"ANN=A|synonymous_variant|LOW|mrp-3|WBGene00003409|transcript|E03G2.2.1|protein_coding|17/23|c.3537G>T|p.Val1179Val|3539/4565|3537/4512|1179/1503||,A|downstream_gene_variant|MODIFIER|E03G2.1|WBGene00008468|transcript|E03G2.1.1|protein_coding||c.*3789C>A|||||3531|",GT:GQ:DP:AD:VAF:PL,.,.,.,.,.,.,.,.,.,.,.,.,.,.,"1/1:5:2:0,2:1:12,3,0"
chrX,16454791,.,A,G,6,PASS,"ANN=G|upstream_gene_variant|MODIFIER|nas-39|WBGene00003555|transcript|F38E9.2.1|protein_coding||c.-2268A>G|||||2136|,G|downstream_gene_variant|MODIFIER|twf-2|WBGene00018187|transcript|F38E9.5.1|protein_coding||c.*3709A>G|||||3455|,G|downstream_gene_variant|MODIFIER|F38E9.4|WBGene00018186|transcript|F38E9.4.1|protein_coding||c.*2232A>G|||||2232|,G|downstream_gene_variant|MODIFIER|twf-2|WBGene00018187|transcript|F38E9.5.2|protein_coding||c.*3901A>G|||||3623|,G|intergenic_region|MODIFIER|F38E9.4-nas-39|WBGene00018186-WBGene00003555|intergenic_region|WBGene00018186-WBGene00003555|||n.16454791A>G||||||",GT:GQ:DP:AD:VAF:PL,.,.,.,.,.,.,.,.,.,.,.,.,.,.,"1/1:5:2:0,2:1:4,8,0"
chrX,16760127,.,C,A,14.2,PASS,"ANN=A|upstream_gene_variant|MODIFIER|C10E2.8|WBGene00196184|transcript|C10E2.8|lincRNA||n.-3154G>T|||||3154|,A|upstream_gene_variant|MODIFIER|C10E2.1|WBGene00015672|transcript|C10E2.1.1|protein_coding||c.-3582C>A|||||3026|,A|intergenic_region|MODIFIER|C10E2.8-C10E2.1|WBGene00196184-WBGene00015672|intergenic_region|WBGene00196184-WBGene00015672|||n.16760127C>A||||||",GT:GQ:DP:AD:VAF:PL,.,.,.,.,.,.,.,.,.,.,.,.,.,.,"1/1:10:2:0,2:1:13,11,0"
chrX,16760128,.,A,C,12.6,PASS,"ANN=C|upstream_gene_variant|MODIFIER|C10E2.8|WBGene00196184|transcript|C10E2.8|lincRNA||n.-3155T>G|||||3155|,C|upstream_gene_variant|MODIFIER|C10E2.1|WBGene00015672|transcript|C10E2.1.1|protein_coding||c.-3581A>C|||||3025|,C|intergenic_region|MODIFIER|C10E2.8-C10E2.1|WBGene00196184-WBGene00015672|intergenic_region|WBGene00196184-WBGene00015672|||n.16760128A>C||||||",GT:GQ:DP:AD:VAF:PL,.,.,.,.,.,.,.,.,.,.,.,.,.,.,"1/1:9:2:0,2:1:11,10,0"
chrX,17292273,.,C,T,7.7,PASS,"ANN=T|upstream_gene_variant|MODIFIER|C33E10.7|WBGene00023247|transcript|C33E10.7|pseudogene||n.-4709G>A|||||4709|,T|downstream_gene_variant|MODIFIER|C33E10.8|WBGene00016349|transcript|C33E10.8.1|protein_coding||c.*846G>A|||||821|,T|downstream_gene_variant|MODIFIER|C33E10.9|WBGene00023248|transcript|C33E10.9|pseudogene||n.*4371G>A|||||4371|,T|intergenic_region|MODIFIER|C33E10.7-C33E10.8|WBGene00023247-WBGene00016349|intergenic_region|WBGene00023247-WBGene00016349|||n.17292273C>T||||||",GT:GQ:DP:AD:VAF:PL,.,.,.,.,.,.,.,.,.,.,.,.,.,.,"1/1:3:2:0,2:1:4,2,0"
